code;severite;motif;question
Q001;majeur;Exigence générale de qualité constante des préparations;Les préparations pharmaceutiques réalisées garantissent une qualité constante, appropriée à leur usage, conformément aux exigences des BPP
Q002;majeur;Absence de système qualité compromet toute la maîtrise;Il existe un Système d'Assurance Qualité
Q003;majeur;Système qualité non documenté, pratiques non maîtrisées;Ce système est documenté (MAQ, Procédures, Modes Opératoires, Enregistrements ...)
Q004;majeur;Absence d'audits empêche détection des dérives;Ce système est controlé (auto-inspection, audits,..)
Q005;mineur;Indicateurs qualité : outil de pilotage;Des indicateurs qualités sont identifiés et suivis
Q006;mineur;Référence documentaire aux BPP 2023;"Le Système d'Assurance Qualité est basé sur les ""Bonnes Pratiques de Préparation"" publiées par l'ANSM en 2023 (documents qualités intégrant les BPP)"
Q007;majeur;Gestion documentaire indispensable à la maîtrise du système;Il existe un Système de Gestion Documentaire
Q008;majeur;Personnel ignorant le système qualité;Le système d'assurance qualité est connu du personnel impliqué dans la production
Q009;majeur;Formulation non justifiée scientifiquement, traçabilité de l'analyse;Les préparations pharmaceutiques sont formulées et réalisées selon l’état des connaissances scientifiques, médicales et pharmaceutiques et l'analyse y conduisant est tracée (exemple de dossier de préparation suivant annexe)
Q010;mineur;Revue qualité périodique;Des revues qualité sont organisées selon une périodicité définie après analyse des réclamations et des non-conformité
Q011;mineur;Documentation des revues qualité;Les revues qualités sont documentées
Q012;mineur;Lien revues qualité et analyse de risque;Les revues qualités alimentent l'analyse globale de risque
Q013;majeur;Appréciation bénéfice/risque de la préparation;L'appréciation du risque de la préparation pharmaceutique est réalisée (bénéfice/risque), permettant de décider si des mesures de réduction du risque doivent être mises en œuvre, ou si le risque existant peut être accepté
Q014;majeur;Analyse pharmaceutique et réglementaire par type de préparation;Une analyse pharmaceutique et réglementaire est réalisée pour chaque type de préparation (annexe I)
Q015;mineur;Traçabilité du motif de refus;L'analyse pharmaceutique et réglementaire pour chaque type de préparation (annexe I) est réalisée et en cas de refus un critère explicite est tracé pour justifier la non réalisation
Q016;majeur;Contrat de sous-traitance préalable;En cas d’impossibilité de réalisation de préparation, un contrat de sous-traitance est établi en amont, selon les modalités décrites par par le présent texte.
Q017;mineur;Traçabilité de la notification au prescripteur;En cas d’impossibilité de réalisation d'une préparation, la notification et/ou proposition d'alternative au prescripteur est tracée
Q018;majeur;Analyse de risque des préparations urgentes;Une analyse de risque simplifiée est réalisée pour les préparations demandées en urgence
Q019;majeur;Analyse technico-réglementaire avant réalisation;L'analyse technico-réglementaire des préparations est réalisée (annexe II partie 1) avant toute décision de réalisation
Q020;majeur;Prise en compte des interdictions réglementaires;L'analyse technico-réglementaire des préparations prend en compte la réglementation en vigueur (interdictions, restrictions, Formulaire National…)
Q021;majeur;Analyse de risque du processus de préparation;Des analyses de risques concernant l'intégralité du processus de préparation sont réalisées (annexe III)
Q022;majeur;Classement du niveau de risque de la préparation;Une analyse de risque est réalisée pour classer la préparation en risque faible, moyen ou élevé, selon les critères de l'annexe III (substance active, voie d'administration, forme pharmaceutique, opérations réalisées, nombre de patients), permettant de la classer en risque faible, moyen ou élevé
Q023;majeur;Distinction risque produit et risque personnel;Dans le cadre de l'analyse de risque pour classer la préparation, le niveau de risque « produit » (contamination microbiologique pour le patient) et le niveau de risque « personnel/environnement » (toxicité, CMR, produits biologiques/OGM) sont identifiés et distingués pour chaque produit.
Q024;majeur;Analyse toxicologique des substances et excipients;Une analyse de risque toxicologique de la préparation est réalisée, appuyée sur une recherche bibliographique sur les substances actives et excipients
Q025;majeur;Analyse de risque de la réattribution;Une analyse de risque relative à la réattribution des préparations est réalisée
Q026;majeur;Niveau de contrôle justifié par analyse de risque;Le niveau de contrôle qualité appliqué est justifié par référence à l'analyse de risque réalisée pour chaque préparation de la préparation (cf. art. 1.16)
Q027;majeur;Analyse des interactions contenant-contenu;Une analyse du risque d'interactions contenant-contenu est conduite (excipients à risque, données littérature/fournisseur/internes), avec recherche documentée de l'absence d'interaction.
Q028;majeur;Analyse de risque pour la conception des locaux;Une analyse de risque est réalisée pour la conception et de l’aménagement des locaux (matière première utilisée /procédé utilisé)
Q029;mineur;Justification documentée zone versus local dédié;Une analyse de risque documentée justifie le d'une choix zone (plutôt que local dédié) pour les catégories 1-3 non stériles/non CMR
Q030;majeur;Stratégie de libération fondée sur le risque;La stratégie de libération repose sur une évaluation du risque formalisée et documentée.
Q031;majeur;Analyse de risque choix équipements stériles;Une analyse de risque préalable et documentée est réalisée pour le choix des installations et des équipements de préparation stérile
Q032;majeur;Critères de l'analyse de risque équipements;L'analyse de risque pour le choix des équipement et l'environnement se base sur les niveaux de risque produit et de la nature des manipulations
Q033;majeur;Analyse de risque stérilisation de contact isolateur;Une analyse de risque préalable est réalisée pour le procédé de stérilisation de contact à l'intérieur de l'isolateur
Q034;majeur;Analyse de risque du plan d'échantillonnage;Une analyse de risques est réalisée pour l'élaboration du plan d'échantillonnage
Q035;majeur;Justification des limites microbiologiques des ZAC;Une analyse de risque est réalisée si les limites de surveillance microbiologique des ZAC ne tiennent pas compte des recommandations décrites dans le tableau 9 (LD1)
Q036;majeur;Évaluation des risques professionnels obligatoire;Une analyse des risques professionnels est réalisé par l'employeur
Q037;mineur;Formalisation et accessibilité du DUERP;L'analyse des risques professionnels permet l'élaboration du Document Unique des Risques Professionnes (DUERP), accessible par l'ensemble du personnel
Q038;mineur;Association du PRP au DUERP;Le PRP est associé à la réalisation et l'actualisation du DUERP
Q039;majeur;Risque de contamination croisée équipement partagé;Une analyse de risque est réalisée, le cas écheant si un même équipement est partagé entre préparations biologiques et chimiques non CMR
Q040;majeur;Analyse de risque dispersion d'OGM;Une analyse de risque spécifique est réalisée pour les manipulations présentant un risque de dispersion d'OGM
Q041;majeur;Choix des EPC/EPI selon substances;Une analyse de risque est réalisée pour le choix des EPC / EPI en fonction du type de substances manipulées
Q042;majeur;Fréquence de changement des gants;Une analyse des risques est réalisée pour déterminer la fréquence de changement des gants
Q043.01;majeur;Protection contre modifications non autorisées des données;Le système documentaire mis en place (papier ou électronique) est … protégé pour éviter toute modification non autorisée
Q043.02;majeur;Sauvegarde pour éviter perte de données;Le système documentaire mis en place (papier ou électronique) est … sauvegardé sur un 2ème support de sauvegarde pour éviter la perte de données
Q043.03;mineur;Disponibilité des données pendant la conservation;Le système documentaire mis en place (papier ou électronique) est … et les données restent disponible pendant toute la durée de conservation exigée par les documents
Q044;mineur;Accessibilité rapide de la documentation;L'ensemble de la documentation nécessaire et relative à l'activité du personnel (dossier papier ou logiciel de gestion documentaire) est rapidement accessible
Q045;mineur;Outil logiciel de gestion documentaire;Il existe un logiciel de gestion documentaire
Q046;mineur;Test de sauvegarde du logiciel documentaire;La sauvegarde et restauration du logiciel de gestion documentaire est testée et vérifiée
Q047;mineur;Support des documents;Les documents existent sous forme électronique et/ou papier
Q048;mineur;Outil logiciel de préparation;Il existe un logiciel pour la réalisation des préparations
Q049;majeur;Procédure de gestion documentaire;Il existe une procédure de gestion documentaire
Q050;mineur;Détail du cycle de vie documentaire;La procédure de gestion documentaire couvre explicitement le cycle de vie complet (création, validation, diffusion, révision, archivage, destruction) de chaque type de document
Q051;mineur;Maîtrise des copies de documents;La procédure de gestion documentaire prévoit la mise à jour et la diffusion des documents en prenant en compte les risques liés à la reproduction des documents qualité
Q052.01;mineur;Identification du rédacteur;La procédure des gestion documentaitre précise le circuit de validation des documents qui sont … rédigés par une personne identifiée et autorisée
Q052.02;mineur;Identification du vérificateur;La procédure des gestion documentaitre précise le circuit de validation des documents qui sont … vérifiés par une personne identifiée et autorisée
Q052.03;mineur;Identification de l'approbateur;La procédure des gestion documentaitre précise le circuit de validation des documents qui sont … approuvés par une personne identifiée et autorisée
Q053;mineur;Révision régulière des documents;La procédure de gestion documentaire prévoit une révision régulière des documents
Q054;mineur;Modalités de diffusion des procédures;Les procédures validées sont diffusées spécifiquement aux personnels concernées (logiciel de gestion documentaire, diffusion papier, réunion de service avec compte rendu…)
Q055;majeur;Accès du personnel à sa documentation;Le personnel a accès à la documentation relative à son activité
Q056;mineur;Preuve de prise de connaissance individuelle;Le mode de diffusion des documents garantit une preuve de prise de connaissance individuelle par chaque membre du personnel concerné
Q057;majeur;Procédures ZAC connues des intervenants extérieurs;Les procédures applicables dans la ZAC sont communiquées est connue des personnes étrangères à la PUI autorisées par le PRP / gérant PUI à entrer dans les zones de préparation, de contrôle et de stockage
Q058;majeur;Système de déclaration des écarts qualité;Il existe système de déclaration/documentation relative aux écarts qualité des produits
Q059;majeur;Utilisation effective de la déclaration des écarts;Le système de déclaration /documentation relative aux écarts de qualité des produits est utilisé en pratique (ex : nombre de déclarations sur les 12 derniers mois)
Q060;mineur;Contrôle des enregistrements et archivage;Des contrôles des enregistrements (durée d'utilisation et archivage) sont réalisés
Q061;mineur;Date de rédaction des documents;La date de rédaction du document qualité est enregistrée
Q062;mineur;Date d'application des documents;La date de mise en application du document qualité est enregistrée
Q063;mineur;Codification des documents;Les documents sont présentées de façon ordonnées (codification prévue dans la procedure de gestion documentaire)
Q064;mineur;Style rédactionnel des procédures;Le style directif est obligatoirement utilisé pour les procédures, les instructions de travail et les modes opératoires
Q065;mineur;Périodicité et suivi des révisions;La périodicité de révision des documents qualité est définie par type de document, avec une alerte automatique ou un suivi des échéances de révision dépassées
Q066.01;mineur;Forme dactylographiée des documents;En cas de documentation papier, les documents sont : … Dactylographiés
Q066.02;mineur;Limitation des entrées manuscrites;En cas de documentation papier, les documents sont : … Avec de rares entrées manuscrites validées
Q067;mineur;Limitation des enregistrements manuscrits;Les enregistrements manuscrits sont limités.
Q067.01;majeur;Lisibilité des enregistrements, risque d'erreur;Ils sont lisibles
Q067.02;majeur;Enregistrements indélébiles, intégrité des données;Ils sont indélébiles
Q067.03;majeur;Identification de l'auteur, traçabilité;Leur auteur est identifié
Q067.04;majeur;Horodatage des enregistrements, traçabilité;Leur date/horaire de rédaction est tracé
Q068;majeur;Existence des procédures générales;Il existe des procédures générales
Q069;majeur;Dossiers de préparation et modes opératoires;Il existe des dossiers de préparation (modes opératoires, fiches de fabrication)
Q070;majeur;Contenu du dossier de préparation;"Un dossier de prépration est réalisé pour chaque type de préparation ; il reprend la validité technico réglementaire, et comprend : la préparation et son procédé, les spécifications, contrôles et éléments d'assurance qualité (annexe II parties 1,2,3)"
Q071;mineur;Regroupement des dossiers de préparation;Un dossier de préparation est réalisé pour plusieurs préparations de même composition qualitative quand les procédés de préparation et les méthodes de contrôle sont identiques
Q072;majeur;Dossiers de lot, traçabilité des préparations;Il existe des dossiers de lot (enregistrements)
Q073;majeur;Procédure des opérations de préparation;Il existe une (des) procédure(s) relative(s) aux opérations de préparation
Q074.01;critique;Une préparation à la fois : prévient confusions et contaminations croisées;La(les) procédure(s) relative(s) aux opérations de préparation précise(nt) qu'il est nécessaire de … ne réaliser qu’une seule préparation à la fois, sur une même zone de travail, afin d’éviter les risques d’erreurs et de contaminations croisées
Q074.02;mineur;Même opérateur pour tout le lot, préférentiel;La(les) procédure(s) relative(s) aux opérations de préparation précise(nt) qu'il est nécessaire de … confier préférentiellement à la même personne qualifiée au sens du CSP la totalité des opérations d’un lot de préparation
Q074.03;majeur;Interruption de l'opérateur, source d'erreurs;La(les) procédure(s) relative(s) aux opérations de préparation précise(nt) qu'il est nécessaire de … ne pas interrompre cette personne avant la réalisation complète de la préparation
Q074.04;majeur;Respect des procédures écrites;La(les) procédure(s) relative(s) aux opérations de préparation précise(nt) qu'il est nécessaire de … respecter l’ensemble des procédures et instructions établies par écrit
Q074.05;majeur;Renseignement du dossier de lot;La(les) procédure(s) relative(s) aux opérations de préparation précise(nt) qu'il est nécessaire de … consigner par écrit dans le dossier de lot de la préparation toutes les données utiles à la garantie de sa qualité
Q074.06;majeur;Enregistrement en temps réel;La(les) procédure(s) relative(s) aux opérations de préparation précise(nt) qu'il est nécessaire de … d'effectuer les enregistrements au moment où chaque action est réalisée.
Q075;critique;Maîtrise de la contamination microbiologique des préparations;La(les) procédure(s) relative(s) aux opérations de préparation permette(nt) de maîtriser et limiter les risques de contamination microbiologique à chaque stade de la préparation
Q076;majeur;Procédure par forme pharmaceutique;Il existe une procédure de réalisation pour chaque forme pharmaceutique (parentérale, entérale, topique, etc…)
Q077;majeur;Procédures des contrôles;Il existe une (des) procédure(s) relative(s) aux procédés de contrôle
Q078.01;majeur;Procédures d'échantillonnage des contrôles;La (les) procédure(s) relative(s) aux procédés de contrôle précise(nt) … les procédures d'échantillonnage
Q078.02;majeur;Méthode, matériel et spécifications des contrôles;La (les) procédure(s) relative(s) aux procédés de contrôle précise(nt) … la méthode, le matériel et les spécifications
Q078.03;majeur;Enregistrement des contrôles;La (les) procédure(s) relative(s) aux procédés de contrôle précise(nt) … les modalités d'enregistrement de ces derniers
Q079;majeur;Périmètre des procédures de contrôle;La (les) procédure(s) relative(s) aux procédés de contrôle concerne(nt)
Q079.01;majeur;Contrôle à réception des MPUP;le contrôle à réception (MPUP, articles de conditionnement, préparations sous-traitées, etc.…)
Q079.02;majeur;Contrôles en cours de préparation;le contrôle réalisé en cours de préparation
Q079.03;majeur;Contrôle des préparations terminées;le contrôle des préparations pharmaceutiques terminées
Q079.04;critique;Contrôle libératoire, conditionne la libération;le contrôle libératoires des préparations
Q079.05;majeur;Contrôle de stabilité et interactions;le contrôle de la stabilité des préparation et l'absence d'interactions contenant/contenu (le cas échéant)
Q079.06;majeur;Recevabilité documentaire des MPUP et réactifs;les contrôles de recevabilité documentaire (MPUP, réactifs, étalons de référence…)
Q079.07;majeur;Contrôles physico-chimiques;les contrôles physico-chimiques
Q079.08;majeur;Contrôles pharmacotechniques;les contrôles pharmacotechniques
Q079.09;majeur;Contrôles microbiologiques;les contrôles microbiologiques
Q079.10;majeur;Contrôles de radioactivité;les contrôles de radioactivité le cas échéant
Q079.11;majeur;Contrôles de l'environnement;les contrôles de l’environnement (air, surfaces, eau)
Q079.12;mineur;Autres contrôles, énumération générique;tous autres contrôles jugés nécessaires
Q080;majeur;Procédure de gestion des réactifs;Il existe une procédure relative à la gestion des réactifs et des solutions titrées
Q081.01;majeur;Mode de préparation des réactifs;La procédure relative à la gestion des réactifs et des solutions titrées précise … leur mode de préparation
Q081.02;majeur;Étiquetage des réactifs;La procédure relative à la gestion des réactifs et des solutions titrées précise … leurs étiquetages
Q081.03;majeur;Conservation des réactifs;La procédure relative à la gestion des réactifs et des solutions titrées précise … leurs conditions de conservation
Q081.04;majeur;Date limite de validité des réactifs;La procédure relative à la gestion des réactifs et des solutions titrées précise … leur date limite de validité
Q081.05;majeur;Recontrôle et qualification des réactifs;La procédure relative à la gestion des réactifs et des solutions titrées précise … la périodicité du recontrôle et le protocole de qualification, le cas échéant
Q082;majeur;Procédure d'étude de stabilité microbiologique;Il existe une procédure décrivant la réalisation d'étude de stabilité microbiologique des préparations, permettant de démontrer le maintien de la qualité microbiologique dans le temps, conformément aux monographies de la Pharmacopée Européenne
Q083;majeur;Procédure de faisabilité des préparations;Il existe une procédure de faisabilité des préparations
Q084;majeur;Moyens appropriés préalables à la réalisation;La procédure de faisabilité des préparations précise qu'une préparation n’est entreprise que si la pharmacie possède les moyens appropriés spécifiques (équipements, matériels, personnels, locaux…) pour la réaliser et la contrôler.
Q085;mineur;Check-list formalisée de faisabilité;La procédure de faisabilité des préparations est complétée par une check-list formalisée qui explicitement la disponibilité des équipements, du personnel formé et des locaux adaptés
Q086;critique;Libération des préparations, prévient libération non conforme;Il existe une (des) procédure(s) relative(s) à la libération des préparations adaptées à la nature des préparations réalisées.
Q087;majeur;Quarantaine avant libération;La (les) procédure(s) de libération pharmaceutique des préparations terminées prévoit une mise en quarantaine physique et informatique le cas échéant, immédiatement après leur préparations
Q088;critique;Étiquetage conforme, identification du produit et patient;Il existe une procédure d'étiquetage des préparations terminées conforme à la réglementation en vigueur
Q089;majeur;Procédure des préparations urgentes;Il existe une procédure pour la réalisation des préparations en urgence
Q090.01;majeur;Fiche d'instruction en urgence;La procédure pour la réalisation des préparations en urgence précise … qu’une fiche d’instruction de préparation doit être réalisée
Q090.02;mineur;Complétion a posteriori du dossier;La procédure pour la réalisation des préparations en urgence précise … que les éléments du dossier de préparation sont complétés a posteriori
Q090.03;majeur;Dossier de lot systématique en urgence;La procédure pour la réalisation des préparations en urgence précise … que dans tous les cas, un dossier de lot accompagne la préparation.
Q091;majeur;Procédure de réattribution des préparations;Il existe une procédure de réattribution des préparations
Q092;majeur;Procédure de réception des MPUP;Il existe une procédure de réception des MPUP et des articles de conditionnement
Q093.01;majeur;Contrôles à réception des MPUP;La procédure de réception des MPUP et articles de conditionnement précise … les contrôles à effectuer à réception des MPUP et des articles de conditionnement
Q093.02;mineur;Registre de réception et contrôle;La procédure de réception des MPUP et articles de conditionnement précise … qu'il existe un registre de réception et de contrôle des MPUP et des articles de conditionnements
Q093.03;majeur;Enregistrement de chaque réception;La procédure de réception des MPUP et articles de conditionnement précise … qu'il existe un enregistrement de chaque réception des MPUP et des articles de conditionnements
Q093.04;majeur;Enregistrement de chaque contrôle;La procédure de réception des MPUP et articles de conditionnement précise … qu'il existe un enregistrement de chaque contrôle des MPUP et des articles de conditionnements
Q093.05;majeur;Conduite à tenir emballages endommagés;La procédure de réception des MPUP et articles de conditionnement précise … la conduite à tenir en cas de réception d'emballages endommagés
Q093.06;majeur;Étiquetage interne des MPUP;La procédure de réception des MPUP et articles de conditionnement précise … les modalités d'étiquetage interne des MPUP à réception
Q093.07;majeur;Quarantaine des MPUP à réception;La procédure de réception des MPUP et articles de conditionnement précise … les modalités de mise en quarantaine physique et informatique des MPUP, des articles de conditionnement et des autres produits
Q093.08;majeur;Libération des MPUP;La procédure de réception des MPUP et articles de conditionnement précise … les modalités de libération, physique et informatique, des MPUP et des articles de conditionnement
Q093.09;majeur;Critères d'acceptation des MPUP;La procédure de réception des MPUP et articles de conditionnement précise … les critères d'acceptation ou de refus objectivables lors de leur libération
Q094.01;mineur;Vérification administrative commande/réception;La procédure de contrôle à réception des MPUP/articles de conditionnement précise … la vérification administrative de conformité de réception par rapport à la commande
Q094.02;majeur;Certificat d'analyse par lot de MPUP;La procédure de contrôle à réception des MPUP/articles de conditionnement précise … qu'un certificat d'analyse doit être détenu pour chaque lot de MPUP réceptionné (excepté pour les spécialités pharmaceutiques et solvants commercialisés) et qu'il est demandé expressément au fournisseur en cas d'absence lors de la réception initiale du lot
Q094.02.01;mineur;Signature du certificat;le certificat est signé par le fournisseur
Q094.02.02;mineur;Mention du fabricant d'origine;le certificat mentionne les nom et adresse du fabricant d'origine
Q094.02.03;mineur;Référentiel mentionné sur le certificat;le certificat mentionne le référentiel des contrôles effectués
Q094.03;majeur;Référentiel de contrôle à réception;La procédure de contrôle à réception des MPUP/articles de conditionnement précise … le référentiel utilisé
Q094.04;majeur;Techniques et méthodes de contrôle;La procédure de contrôle à réception des MPUP/articles de conditionnement précise … la (les) technique(s) et la (les) méthode(s) de contrôle utilisées
Q094.05;majeur;Équipements et réactifs de contrôle;La procédure de contrôle à réception des MPUP/articles de conditionnement précise … l’équipement analytique, le matériel, les réactifs et les substances de référence utilisés
Q094.06;majeur;Mode opératoire du contrôle;La procédure de contrôle à réception des MPUP/articles de conditionnement précise … le mode opératoire
Q094.07;majeur;Échantillonnage du contrôle à réception;La procédure de contrôle à réception des MPUP/articles de conditionnement précise … la procédure d’échantillonnage utilisée
Q094.08;mineur;Nombre d'essais réalisés;La procédure de contrôle à réception des MPUP/articles de conditionnement précise … le nombre d’essais réalisés
Q094.09;majeur;Spécifications attendues des MPUP;La procédure de contrôle à réception des MPUP/articles de conditionnement précise … les spécifications attendues
Q094.09.01;mineur;Détail des spécifications, examen visuel;examen visuel, contrôles analytiques donnant lieu à des résultats chiffrés
Q094.09.02;mineur;Détail des spécifications analytiques chiffrées;contrôles analytiques donnant lieu à des résultats chiffrés
Q094.10;mineur;Format du rendu de résultats;La procédure de contrôle à réception des MPUP/articles de conditionnement précise … le format du rendu de résultats (certificat d’analyse, fiche de contrôle,…)
Q094.11;mineur;Format d'archivage des résultats;La procédure de contrôle à réception des MPUP/articles de conditionnement précise … le format de l’archivage des résultats (enregistrements)
Q095;majeur;Procédure d'échantillonnage;Il existe une procédure d'échantillonnage des MPUP, des articles de conditionnement et des préparations terminées
Q096;majeur;Quantité minimale d'échantillon conservée;La procédure d'échantillonage des préparations précise la quantité minimale conservée pour réaliser au moins l’analyse complète décrite dans la procédure de contrôle. En cas d'exception, celle-ci est justifiée
Q097.01;mineur;Personnes autorisées à prélever;La procédure d'échantillonnage (des MPUP, articles de conditionnement et des préparations terminées) … indique la ou les personne(s) autorisée(s) à prélever des échantillons
Q097.02;majeur;Méthode et matériel de prélèvement;La procédure d'échantillonnage (des MPUP, articles de conditionnement et des préparations terminées) … détaille la méthode et le matériel à utiliser
Q097.03;majeur;Quantités à prélever;La procédure d'échantillonnage (des MPUP, articles de conditionnement et des préparations terminées) … précise les quantités à prélever
Q097.04;majeur;Précautions de sécurité lors du prélèvement;La procédure d'échantillonnage (des MPUP, articles de conditionnement et des préparations terminées) … précise les précautions de manipulation pour la sécurité des personnes et de l’environnement
Q097.05;majeur;Précautions contre contamination lors du prélèvement;La procédure d'échantillonnage (des MPUP, articles de conditionnement et des préparations terminées) … précise les précautions de manipulation pour eviter la contamination du produit ou la détérioration de sa qualité
Q097.06;majeur;Contrôles qualité sur l'échantillonnage;La procédure d'échantillonnage (des MPUP, articles de conditionnement et des préparations terminées) … précise les contrôles qualité sur l'échantillonnage, leurs spécifications et leur analyse
Q098;majeur;Gestion de l'échantillothèque;Il existe une procédure de gestion de l'échantillothèque
Q099;mineur;Registre de l'échantillothèque;Il existe un registre manuel ou informatisé de la gestion de l'échantillothèque
Q100;mineur;Traçabilité des sorties d'échantillothèque;Le registre de gestion de l'échantillothèque trace les entrées/sorties avec notification de leur utilisation en cas de sortie
Q101;majeur;Procédure de gestion de stock;Il existe une procédure de gestion de stock
Q102;majeur;Conditions de stockage et rotation;La procédure de gestion de stock définit les conditions de stockage et de rotation des stocks des MPUP et des articles de conditionnement
Q103.01;majeur;Entreposage minimal en classe A/B;La procédure de gestion de stock précise qu'(que) … en cas de ZAC de classe A et B, l'entreposage est limité au stric minimum
Q103.02;mineur;Entreposage limité en classe C/D;La procédure de gestion de stock précise qu'(que) … en cas de ZAC de classe C et D, l'entreposage est limité
Q103.03;majeur;Exclusion des cartons particulaires en ZAC;La procédure de gestion de stock précise qu'(que) … les récipients et produits susceptibles de libérer des particules (cartons,,) ne sont pas introduits en ZAC, dans la mesure du possible.
Q104;majeur;Procédures des flux en préparation stérile;Des procédures et modes opératoires validés décrivent les différents flux (MPUP, déchets, préparations terminées, personnel) intervenant dans la réalisation des préparations stériles.
Q105;majeur;Procédure de conservation des préparations;Il existe une (des) procédure(s) relative(s) à la conservation des préparations
Q106;majeur;Procédure d'analyse des prescriptions;Il existe une procédure d'analyse des prescriptions
Q107;majeur;Procédure d'accès aux locaux;Il existe une (des) procédure(s) relative(s) à l'accès aux locaux
Q108.01;majeur;Accès selon la classe ISO;La procédure d'accès aux locaux précise leurs conditions d'accès en fonction … de la classe de propreté ISO
Q108.02;majeur;Accès selon nature des préparations;La procédure d'accès aux locaux précise leurs conditions d'accès en fonction … de la nature des préparations réalisées
Q109;majeur;Limitation des effectifs et maîtrise des flux;La procédure d'accès au locaux prend en compte la limitation des effectifs dans les zones et la maitrise des déplacements du personnel (flux)
Q110;majeur;Procédure de qualification locaux et équipements;Il existe une (des) procédure(s) relative(s) aux opérations de qualification des locaux et des équipements
Q111;majeur;Étapes QC/QI/QO/QP prévues;La (les) procédure(s) relative(s) aux opérations de qualification des locaux et des équipements prévoit une qualification d'installation (QI), une qualification opérationnelle (QO), une qualification de performance (QP) précédées d'une qualification de conception (QC)
Q112.01;mineur;Détail des étapes de qualification;La (les) prodédures relative(s) aux opérations de qualification des locaux et des équipements détaille(nt) … les étapes de QC QI QO QP
Q112.02;majeur;Tests de qualification des ZAC;La (les) prodédures relative(s) aux opérations de qualification des locaux et des équipements détaille(nt) … les tests à réaliser lors des qualifications/requalifications des ZAC et équipements
Q112.03;majeur;Fréquences de requalification adaptées;La (les) prodédures relative(s) aux opérations de qualification des locaux et des équipements détaille(nt) … leurs fréquences qui sont adaptés à l'activité réelle du site
Q113;majeur;Procédures d'utilisation des équipements;Il existe des procédures relatives à l'utilisation des matériels et des équipements
Q114.01;majeur;Entretien des équipements;Les procédures relatives à l'utilisation des matériels et des équipements prennent en compte … leur entretien
Q114.02;majeur;Étalonnage des équipements;Les procédures relatives à l'utilisation des matériels et des équipements prennent en compte … leur étalonnage
Q114.03;majeur;Maintenance des équipements;Les procédures relatives à l'utilisation des matériels et des équipements prennent en compte … leur maintenance
Q115;majeur;Qualification support de validation des procédés;Les résultats des opérations de qualification sont utilisés pour valider les procédés de préparation et de contrôle.
Q116;majeur;Procédure de maintenance locaux et équipements;Il existe une (des) procédure(s) relative(s) à la maintenance des locaux et des équipements
Q117.01;majeur;Maintenance selon classe ISO;La (les) procédure(s) de maintenance des locaux et des équipements prend en compte … la classe de propreté ISO
Q117.02;majeur;Maintenance selon nature des préparations;La (les) procédure(s) de maintenance des locaux et des équipements prend en compte … la nature des préparations réalisées
Q118;critique;Qualification annuelle flux et intégrité des filtres;La (les) procédure(s) de maintenance des locaux et des équipements prévoit a minima 1 fois/an une qualification (essais de laminarité, vitesse, débit et intégrité des filtres)
Q119;majeur;Gestion des matériels défectueux;Il existe de une procédure de gestion des matériels défecteux au sein de l'ES : évacuation de la zone ou interdiction d'utilisation
Q120;majeur;Procédure de surveillance de l'environnement;Il existe une procédure de surveillance de l’environnement
Q121.01;majeur;Surveillance selon classe ISO;La procédure de surveillance de l’environnement prend en compte … la classe de propreté ISO
Q121.02;majeur;Surveillance selon nature des préparations;La procédure de surveillance de l’environnement prend en compte … la nature des préparations réalisées
Q122.01;majeur;Plan d'échantillonnage fondé sur analyse de risque;La procédure de surveillance de l’environnement précise le plan d'échantillonnage qui tient compte … d’une analyse de risques
Q122.02;majeur;Plan conforme ISO, lieux et fréquences;La procédure de surveillance de l’environnement précise le plan d'échantillonnage qui tient compte … des normes ISO en vigueur et définit notamment les lieux, la fréquence et le nombre de prélèvements.
Q122.03;majeur;Fréquence et nombre de prélèvements;La procédure de surveillance de l’environnement précise le plan d'échantillonnage qui tient compte … la fréquence et le nombre de prélèvements.
Q123;majeur;Fréquences de surveillance microbiologique : maîtrise environnementale;Les fréquences minimum de surveillance microbiologique des ZAC tiennent compte des recommandations décrites dans le tableau 10 (LD1) et sont respectées sauf analyse de risque
Q124.01;majeur;Seuils de surveillance environnementale définis;La procédure de surveillance de l’environnement précise … les seuils d'alerte pour la surveillance particulaire
Q124.02;majeur;Seuils de surveillance environnementale définis;La procédure de surveillance de l’environnement précise … les seuils d'alerte pour la surveillance microbiologique
Q124.03;majeur;Seuils de surveillance environnementale définis;La procédure de surveillance de l’environnement précise … les seuils d'action pour la surveillance particulaire
Q124.04;majeur;Seuils de surveillance environnementale définis;La procédure de surveillance de l’environnement précise … les seuils d'action pour la surveillance microbiologique
Q125;critique;Limites microbiologiques ZAC non respectées : contamination préparation;Les limites de surveillance microbiologique des ZAC tiennent compte des recommandations décrites dans le tableau 9 (LD1) et sont respectées sauf analyse de risque
Q126;majeur;Seuils adaptés au germe : maîtrise de la surveillance;Les seuils d'alerte & d'action tiennent compte de la nature du germe et du risque de dissémination associé (ex. champignon filamenteux).
Q127;majeur;Surveillances complémentaires après interventions : maîtrise environnementale;La procédure de surveillance de l’environnement précise les surveillances microbiologiques supplémentaires à réaliser en dehors des phases de préparation lorsque pertinent (ex : après validation, maintenance, nettoyage, désinfection).
Q128;majeur;Surveillance des paramètres fonctionnels des locaux/équipements;Il existe une procédure de surveillance (paramètres fonctionnels) des locaux et des équipements
Q129;majeur;Éléments surveillés des locaux et équipements;La procédure de surveillance (paramètres fonctionnels) des locaux et des équipements tient compte de la liste des éléments à surveiller (LD1 tableau 11) (référentiel indicatif, adapté si besoin au contexte local)
Q130;majeur;Procédure d’entretien des locaux et équipements;Il existe une (des) procédure(s) relative(s) à l'entretien des locaux et des équipements
Q131.01;majeur;Contenu de la procédure de nettoyage-désinfection;La procédure relative à l'entretien des locaux et des équipements prend en compte … la classe de propreté ISO
Q131.02;majeur;Contenu de la procédure de nettoyage-désinfection;La procédure relative à l'entretien des locaux et des équipements prend en compte … la nature des préparations réalisées
Q132.01;majeur;Contenu de la procédure de nettoyage-désinfection;La procédure relative à l'entretien des locaux et des équipements … précise le planning d'entretien des locaux et le circuit, en prenant compte les risques de contamination. Ce planning est partagé avec le PRP qui en valide aussi le circuit
Q132.02;majeur;Contenu de la procédure de nettoyage-désinfection;La procédure relative à l'entretien des locaux et des équipements … précise les opérations de nettoyage, décontamination et désinfection des locaux ou zones, des équipements et des matériels utilisés en cas de production par campagne
Q132.03;majeur;Contenu de la procédure de nettoyage-désinfection;La procédure relative à l'entretien des locaux et des équipements … permet de minimiser les risques d’erreur et de contact avec des impuretés, tels que les contaminations croisées ainsi que les accumulations de poussières et de saletés.
Q132.04;majeur;Contenu de la procédure de nettoyage-désinfection;La procédure relative à l'entretien des locaux et des équipements … précise les conduites à tenir lorsque, les conditions de propreté n’ont pas pu être maintenues lors d'opérations d’entretien de matériels effectué au sein de la ZAC
Q132.05;majeur;Désinfection associée au nettoyage des surfaces classe A;La procédure relative à l'entretien des locaux et des équipements … précise que l'utilisation de la solution détergente qui permet le nettoyage doit être associée à une solution de désinfection (surfaces internes des équipements de classe A)
Q132.06;majeur;Contenu de la procédure de nettoyage-désinfection;La procédure relative à l'entretien des locaux et des équipements … définit la fréquence de nettoyage/désinfection données à titre indicatif et à adapter à l’activité de production (LD1 tableau 2)
Q132.07;majeur;Contenu de la procédure de nettoyage-désinfection;La procédure relative à l'entretien des locaux et des équipements … définit la fréquence des opérations de nettoyage / désinfection (surfaces internes des équipements de classe A) (LD1 tableau 3)
Q132.08;majeur;Contenu de la procédure de nettoyage-désinfection;La procédure relative à l'entretien des locaux et des équipements … précise que les opérations de nettoyage/désinfection de(s) équipements de classe A sont réalisées par le personnel effectuant lui-même les opérations de préparation.
Q133;majeur;Procédure de gestion des déchets;Il existe une procédure relative à la gestion des déchets
Q134.01;majeur;Contenu de la procédure de gestion des déchets;La procédure relative à la gestion des déchets prend en compte … la classe de propreté ISO
Q134.02;majeur;Contenu de la procédure de gestion des déchets;La procédure relative à la gestion des déchets prend en compte … la nature des préparations réalisées
Q135;majeur;Filières d’élimination selon dangerosité des déchets;La procédure relative à la gestion des déchets précise les filières d’élimination selon leur dangerosité
Q136;mineur;Durées/volumes de stockage déchets : exigence réglementaire de forme;La procédure relative à la gestion des déchets, prévoit leur durée maximale de stockage et le volume maximal selon la réglementation en vigueur
Q137;majeur;Formation et habilitation du personnel;Il existe une procédure de formation initiale (avec habillitation) et continue du personnel
Q138;majeur;Réhabilitation après absence prolongée;La procédure de formation initiale (avec habillitation) et continue du personnel précise les modalités de réhabilitation après une absence prolongée
Q139;majeur;Procédure d’habillage du personnel;Il existe une procédure relative à l'habillage du personnel
Q140;mineur;Affichage synthétique habillage : aide visuelle, non bloquant;Il existe un affichage synthétique de l'habillage conforme à l'entrée des locaux (ZAC)
Q141;majeur;Procédure d’hygiène du personnel;Il existe une procédure relative à l'hygiène du personnel
Q142;majeur;Technique de lavage des mains;Il existe d'instructions précises sur la technique de lavage des mains dans la procédure relative à l'hygiène du personnel
Q143;majeur;Habillage conçu pour limiter la contamination;Les procédures d'habillage et de lavage des mains sont conçues pour limiter la contamination des vêtements propres et l'introduction de contaminants en zone propre.
Q144;majeur;Procédure de protection et sécurité du personnel;Il existe une procédure relative à la protection du personnel (mesures de protection et de sécurité)
Q145;majeur;Fréquence de changement des gants stériles;Dans le cadre des procédures relatives à l'habillage du personnel, à l'hygiène et à la protection du personnel, la fréquence de changement des gants stériles est définie en fonction de l’activité et du type de MPUP manipulée
Q146;mineur;Instructions intervenants extérieurs : organisationnel, impact indirect;Les procédures relatives à l'habillage du personnel, à la protection et à l'hygiène précisent les instructions, pour les personnes étrangères à la PUI, autorisées par le PRP ou le pharmacien gérant, dans les zones de préparation, de contrôle et de stockage en fonction des travaux à effectuer.
Q147;majeur;Fréquence de changement des gants stériles;Dans le cadre des procédures relatives à l'habillage du personnel, à l'hygiène et à la protection du personnel, la fréquence de changement des gants stériles est définie en fonction de l’activité et du type de MPUP manipulée
Q148;mineur;Instructions intervenants extérieurs : organisationnel, impact indirect;Les procédures relatives à l'habillage du personnel, à la protection et à l'hygiène précisent les instructions, pour les personnes étrangères à la PUI, autorisées par le PRP ou le pharmacien gérant, dans les zones de préparation, de contrôle et de stockage en fonction des travaux à effectuer.
Q149;majeur;Fréquence de changement des gants stériles;Dans le cadre des procédures relatives à l'habillage du personnel, à l'hygiène et à la protection du personnel, la fréquence de changement des gants stériles est définie en fonction de l’activité et du type de MPUP manipulée
Q150;mineur;Instructions intervenants extérieurs : organisationnel, impact indirect;Les procédures relatives à l'habillage du personnel, à la protection et à l'hygiène précisent les instructions, pour les personnes étrangères à la PUI, autorisées par le PRP ou le pharmacien gérant, dans les zones de préparation, de contrôle et de stockage en fonction des travaux à effectuer.
Q151;critique;Bris/déversement cytotoxique : exposition directe du personnel;Il existe une procédure sur la conduite à tenir en cas d'incident en cours de préparation (bris ou déversement accidentel)
Q152;mineur;Éléments transmis au médecin du travail : suivi administratif;La procédure sur la conduite à tenir en cas d'incident en cours de préparation (bris ou déversement accidentel) précise les les éléments devant être transmis au médecin du travail
Q153;majeur;Conduite à tenir en cas de défaillance d’équipement;Il existe une procédure sur la conduite à tenir en cas conduite à tenir en cas d’incident ou de défaillance d’un dispositif, d’un équipement etc.
Q154;majeur;Gestion des anomalies et réclamations;Il existe une procédure de gestion des anomalies et des réclamations
Q155;majeur;Recueil des effets indésirables graves;Il existe une procédure pour le recueil et la déclaration des effets indésirables graves dus aux préparations pharmaceutiques.
Q156;majeur;Signalement des effets indésirables aux autorités;La procédure pour le recueil et la déclaration des effets indésirables graves dus aux préparations pharmaceutiques prévoit leur signalement aux autorités compétentes
Q157.01;mineur;Détail du contenu de signalement pharmacovigilance;La procédure pour le recueil et la déclaration des effets indésirables graves dus aux préparations pharmaceutiques prévoit pour le signalement … des élements permettant d'étayer les évènements survenus
Q157.02;mineur;Détail du contenu de signalement pharmacovigilance;La procédure pour le recueil et la déclaration des effets indésirables graves dus aux préparations pharmaceutiques prévoit pour le signalement … des circonstances d'apparition
Q157.03;mineur;Détail du contenu de signalement pharmacovigilance;La procédure pour le recueil et la déclaration des effets indésirables graves dus aux préparations pharmaceutiques prévoit pour le signalement … du numéro de lot de la préparation concernée
Q158;majeur;Déclarations de pharmacovigilance réglementaires;Les déclarations de pharmacovigilance s'effectuent selon la réglementation en vigueur
Q159;majeur;Conservation de la préparation litigieuse pour investigation;La préparation litigieuse est conservée
Q160;critique;Rappel défaillant : préparations défectueuses restant chez patients;Il existe une procédure pour le rappel rapide et exhaustif des préparations
Q161;majeur;Chaîne de déclaration en cas de défaut;La procédure de rappel des préparations prévoit que, lorsqu’un défaut susceptible de porter atteinte à la santé est constaté, il exisite une chaine hiérarchique identifiée de déclaration (Pharmacien gérant, direction générale)
Q162;majeur;Information du donneur d’ordre lors d’un rappel;La procédure de rappel des préparations prévoit que, dans le cas d'une sous-traitance, le donneur d'ordre est informé du rappel des préparations et les données de traçabilité lui sont fournies
Q163;critique;Préparations rappelées non isolées : risque d’administration;La procédure de rappel des préparations prévoit que les préparations rappellées sont mises en quarantaine
Q164;majeur;Gestion des écarts qualité;Il existe une procédure de déclaration/documentation relative aux écarts de qualité des produits
Q165;majeur;Procédure d’analyse de risque;Il existe une procédure d'analyse de risque
Q166;majeur;Maîtrise des changements;Il existe une procédure de maitrise du changement
Q167;mineur;Auto-inspection : revue périodique du système;Il existe une procédure d'auto-inspection accompagnée d'une grille d'évaluation
Q168.01;majeur;Traçabilité qualification/maintenance des équipements critiques;"Chaque matériel, équipement et zones critiques (ex : postes à flux d’air unidirectionnel, isolateurs, balances, dispositifs de traitement d'eau et d’air) est accompagné d'un ""cahier de suivi"" (gmao ou papier) qui mentionne … les validations"
Q168.02;majeur;Traçabilité qualification/maintenance des équipements critiques;"Chaque matériel, équipement et zones critiques (ex : postes à flux d’air unidirectionnel, isolateurs, balances, dispositifs de traitement d'eau et d’air) est accompagné d'un ""cahier de suivi"" (gmao ou papier) qui mentionne … les étalonnages"
Q168.03;majeur;Traçabilité qualification/maintenance des équipements critiques;"Chaque matériel, équipement et zones critiques (ex : postes à flux d’air unidirectionnel, isolateurs, balances, dispositifs de traitement d'eau et d’air) est accompagné d'un ""cahier de suivi"" (gmao ou papier) qui mentionne … les opérations d'entretien"
Q168.04;majeur;Traçabilité qualification/maintenance des équipements critiques;"Chaque matériel, équipement et zones critiques (ex : postes à flux d’air unidirectionnel, isolateurs, balances, dispositifs de traitement d'eau et d’air) est accompagné d'un ""cahier de suivi"" (gmao ou papier) qui mentionne … les opérations de nettoyage"
Q168.05;majeur;Traçabilité qualification/maintenance des équipements critiques;"Chaque matériel, équipement et zones critiques (ex : postes à flux d’air unidirectionnel, isolateurs, balances, dispositifs de traitement d'eau et d’air) est accompagné d'un ""cahier de suivi"" (gmao ou papier) qui mentionne … les opérations de qualification"
Q168.06;majeur;Traçabilité qualification/maintenance des équipements critiques;"Chaque matériel, équipement et zones critiques (ex : postes à flux d’air unidirectionnel, isolateurs, balances, dispositifs de traitement d'eau et d’air) est accompagné d'un ""cahier de suivi"" (gmao ou papier) qui mentionne … les opérations de maintenance"
Q169;majeur;Traçabilité des interventions sur équipements;Pour chaque opération, est portée mention de la date, du nom des personnes ayant effectué ces opérations et du nom de la societé en cas d’intervention extérieure.
Q170;majeur;Traçabilité des actions correctives;Pour chaque opération est portée mention des actions correctives réalisées
Q171;majeur;Cahier de suivi des équipements à jour;Le cahier de suivi de chaque matériel, équipement et zone critique est à jour.
Q172;mineur;Conservation/archivage des certificats de qualification;Le(s) certificat(s) de qualification des matériels, équipements et zone critique est (sont) conservé(s)s pendant toute la durée de vie de l'équipement
Q173;mineur;Conservation/archivage des certificats de qualification;Le(s) certificat(s) de qualification des matériels, équipements et zones critiques est (sont) archivé(s) dans un emplacement unique, et retrouvable(s) en moins de 5 minutes lors d'un contrôle
Q174;critique;Transferts en flux unidirectionnel : source critique de contamination;Les opérations d'entrée/sortie de matériel dans le flux d'air unidirectionnel font l'objet de procédures validées et appliquées, ces opérations étant identifiées comme sources critiques de contamination.
Q175;critique;Transferts en isolateur : source critique de contamination, confinement;Les opérations d'entrée/sortie de matériel dans un isolateur font l'objet de procédures validées et appliquées, ces opérations étant identifiées comme sources critiques de contamination.
Q176.01;majeur;Suivi des équipements de contrôle;"Chaque équipement utilisé pour le contrôle possède un ""cahier de suivi"" (gmao ou papier) qui contient … une procédure technique générale décrivant le fonctionnement des appareils"
Q176.02;majeur;Suivi des équipements de contrôle;"Chaque équipement utilisé pour le contrôle possède un ""cahier de suivi"" (gmao ou papier) qui contient … des procédures de qualification et/ou de maintenance préventive et/ou curative si celles-ci sont effectuées en interne"
Q176.03;mineur;Contrat prestataire classé dans cahier de suivi;"Chaque équipement utilisé pour le contrôle possède un ""cahier de suivi"" (gmao ou papier) qui contient … Le contrat de qualification et/ou maintenance préventive et/ou curative si celles-ci sont effectuées par un prestataire externe"
Q176.04;majeur;Suivi des équipements de contrôle;"Chaque équipement utilisé pour le contrôle possède un ""cahier de suivi"" (gmao ou papier) qui contient … les résultats (certificats) des différentes opérations de qualification ou de maintenance"
Q176.05;mineur;Carte de contrôle : outil de suivi des dérives;"Chaque équipement utilisé pour le contrôle possède un ""cahier de suivi"" (gmao ou papier) qui contient … une carte de contrôle (lorsque l'appareil s'y prête) sur laquelle sont reportés les paramètres des contrôles critiques afin d'identifier rapidement les dérives instrumentales"
Q176.06;majeur;Suivi des équipements de contrôle;"Chaque équipement utilisé pour le contrôle possède un ""cahier de suivi"" (gmao ou papier) qui contient … la trace de toutes les opérations réalisées sur l'appareil"
Q177;mineur;Organigramme : exigence organisationnelle de forme;Il existe un organigramme hiérarchique
Q178;mineur;Organigramme : exigence organisationnelle de forme;Il existe un organigramme fonctionnel
Q179;mineur;Mise à jour et affichage des organigrammes;Les organigrammes hiérarchique et fonctionnel sont à jour (moins d'un an), affichés/accessibles, et cohérents avec les fiches de poste
Q180;mineur;Fiches de poste et prise de connaissance : forme;Il existe des fiches de postes/métier et/ou de fonctions, à jour, établies pour l'ensemble des personnels
Q181;mineur;Fiches de poste et prise de connaissance : forme;Chaque membre du personnel dispose d'une preuve individuelle de prise de connaissance des fiches de postes/métier et de fonctions qui le concernent
Q182;mineur;Confidentialité : sans impact sur qualité du produit;Le secret professionnel fait l'objet d'une prise en compte spécifique (charte de confidentialité, règlementement intérieur,..)
Q183;mineur;Confidentialité : sans impact sur qualité du produit;L'engagement de confidentialité (charte, règlement intérieur) est signé individuellement par chaque membre du personnel, avec une trace conservée au dossier
Q184;majeur;Faisabilité technique et réglementaire de la préparation;Les éléments permettant la mise en évidence de la faisabilité technique et réglementaire de la préparation sont enregistrés
Q185.01;majeur;Spécifications/instructions du dossier de préparation;Chaque dossier de préparation contient … les spécifications pour les MPUP et le cas échéant, pour les articles de conditionnement
Q185.02;majeur;Spécifications/instructions du dossier de préparation;Chaque dossier de préparation contient … les spécifications pour les produits intermédiaires et les préparations terminées
Q185.03;majeur;Instructions de préparation et taille de lot;Chaque dossier de préparation contient … les instructions de préparation qui comportent toutes les indications nécessaires pour la réalisation de la préparation (locaux, matériel, procédé…). Le nombre maximal d’unités par lot qui peut être réalisé doit garantir que l’impact d’un lot porte sur un nombre limité de patients
Q185.04;majeur;Spécifications/instructions du dossier de préparation;Chaque dossier de préparation contient … les instructions de conditionnement qui permettent que l’étape de conditionnement soit réalisée conformément aux spécifications attendues
Q186;majeur;Taille de lot limitant le nombre de patients exposés;Chaque dossier de préparation précise que le nombre de patients potentiellement traités ne dépasse pas 250 pour une durée de traitement de 28 jours (voir définition du « lot » du glossaire).
Q187;majeur;Interactions contenant/contenu;Le dossier de préparation prévoit l'analyse des interactions contenant/contenu le cas échéant
Q188;mineur;Déclinaison en fiches : forme documentaire;De l’ensemble des instructions du dossier de préparation découlent une ou plusieurs fiche(s) de préparation et une ou plusieurs fiche(s) de conditionnement.
Q189;majeur;Contrôles en cours et fin de préparation décrits;La description des contrôles à réaliser en cours et en fin de préparation figurent dans le dossier de préparation
Q190;mineur;Déclinaison en fiches de contrôle : forme documentaire;De l’ensemble de ces instructions découlent une ou plusieurs fiche(s) de contrôle.
Q191;majeur;Dossier de lot pour traçabilité complète;Il existe un dossier de lot pour chaque préparation, permettant une traçabilité complète de la préparation, de sa fabrication à la dispensation au patient
Q192.01;majeur;Contenu et traçabilité du dossier de lot;Le dossier de lot contient : … les informations relatives aux MPUP
Q192.02;majeur;Contenu et traçabilité du dossier de lot;Le dossier de lot contient : … les informations relatives aux articles de conditionnement
Q192.03;majeur;Contenu et traçabilité du dossier de lot;Le dossier de lot contient : … les informations relatives au procédé de préparation
Q192.04;majeur;Contenu et traçabilité du dossier de lot;Le dossier de lot contient : … les informations relatives à l'étiquetage de la préparation
Q192.05;majeur;Contenu et traçabilité du dossier de lot;Le dossier de lot contient : … les informations relatives aux contrôles de la préparation
Q192.06;majeur;Contenu et traçabilité du dossier de lot;Le dossier de lot contient : … les informations relatives aux modalités de conservation de la préparation
Q192.07;majeur;Contenu et traçabilité du dossier de lot;Le dossier de lot contient : … les incidents survenus au cours de l'intégralité du process de préparation
Q193.01;mineur;Structure du dossier de lot : détail de forme;Le dossier de lot comporte 5 parties : … une partie préparation
Q193.02;mineur;Structure du dossier de lot : détail de forme;Le dossier de lot comporte 5 parties : … une partie conditionnement
Q193.03;mineur;Structure du dossier de lot : détail de forme;Le dossier de lot comporte 5 parties : … une partie contrôle
Q193.04;mineur;Structure du dossier de lot : détail de forme;Le dossier de lot comporte 5 parties : … une partie libération pharmaceutique
Q193.05;mineur;Structure du dossier de lot : détail de forme;Le dossier de lot comporte 5 parties : … une partie gestion des anomalies ou retours/réclamations
Q194;majeur;Contenu et traçabilité du dossier de lot;Le dossier de lot contient ou fait référence aux enregistrements disponibles pour la traçabilité des opérations de préparation
Q195;majeur;Contenu et traçabilité du dossier de lot;Le dossier de lot contient ou fait référence aux enregistrements disponibles pour la traçabilité des opérations de contrôle
Q196;majeur;Contenu et traçabilité du dossier de lot;Le dossier de lot contient ou fait référence aux enregistrements sont disponibles pour la traçabilité des opérations de dispensation
Q197;majeur;Contenu et traçabilité du dossier de lot;Le dossier de lot contient ou fait référence aux enregistrements sont disponibles pour la traçabilité des opérations d'expédition le cas échéant
Q198.01;majeur;Élément de traçabilité du dossier de lot;Sont inscrit dans le dossier de lot : … Eléments à renseigner au moment de la préparation
Q198.01.01;majeur;Élément de traçabilité du dossier de lot;● Préparation pharmaceutique : dénomination, dosage en substance(s) active(s) et forme pharmaceutique de la préparation
Q198.01.02;majeur;Élément de traçabilité du dossier de lot;● Numéro de lot / d'ordonnancier de la préparation
Q198.01.03;majeur;Élément de traçabilité du dossier de lot;● Date de la réalisation de la préparation
Q198.01.04;majeur;Élément de traçabilité du dossier de lot;● Nom du préparateur
Q198.01.05;majeur;Élément de traçabilité du dossier de lot;● Nom du contrôleur
Q198.01.06;mineur;Mention sous-traitant : détail de traçabilité;● Nom et adresse de la pharmacie sous-traitante (en cas de sous-traitance)
Q198.01.07;majeur;Élément de traçabilité du dossier de lot;● Date de péremption
Q198.01.08;majeur;Élément de traçabilité du dossier de lot;● MPUP mises en œuvre : dénomination de la MPUP, nom du fournisseur, numéro de lot ou nom et numéro de lot de la spécialité pharmaceutique utilisée, date de péremption
Q198.01.09;majeur;Élément de traçabilité du dossier de lot;● Quantité(s) ou volumes(s) à prélever
Q198.01.10;majeur;Élément de traçabilité du dossier de lot;● Quantité(s) ou volumes(s) à retirer (le cas échant)
Q198.01.11;majeur;Élément de traçabilité du dossier de lot;● Enregistrements ou double-contrôles des volumes mesurés
Q198.01.12;majeur;Élément de traçabilité du dossier de lot;● Ticket(s) de stérilisation (le cas échéant)
Q198.01.13;majeur;Élément de traçabilité du dossier de lot;● Eventuels commentaires, écarts aux procédures ou défauts observés par rapport à la réalisation de la préparation
Q198.01.14;majeur;Élément de traçabilité du dossier de lot;● Etiquette
Q198.02.01;mineur;Type de conditionnement : détail d’énumération;Eléments à renseigner au moment du conditionnement … ● Type de conditionnement
Q198.02.02;majeur;Élément de traçabilité du dossier de lot;Eléments à renseigner au moment du conditionnement … ● Nombre d'unités à conditionner et nombre d’unités conditionnées
Q198.02.03;majeur;Élément de traçabilité du dossier de lot;Eléments à renseigner au moment du conditionnement … ● Etiquettage de la préparation
Q198.02.04;majeur;Élément de traçabilité du dossier de lot;Eléments à renseigner au moment du conditionnement … ● Eventuels anomalies et incidents au cours du conditionnement
Q198.02.05;majeur;Élément de traçabilité du dossier de lot;Eléments à renseigner au moment du conditionnement … ● identification des opérateurs
Q198.03.01;majeur;Élément de traçabilité du dossier de lot;Eléments à renseigner au moment des contrôles et de la libération pharmaceutique … ● Identification des opérateurs
Q198.03.02;majeur;Élément de traçabilité du dossier de lot;Eléments à renseigner au moment des contrôles et de la libération pharmaceutique … ● Résultats datés et signés des double-contrôles réalisés en cours de préparation
Q198.03.03;majeur;Élément de traçabilité du dossier de lot;Eléments à renseigner au moment des contrôles et de la libération pharmaceutique … ● Résultats datés et signés des éventuels contrôles sur la préparation terminée (physico-chimiques, pharmacotechniques, microbiologques, autres) en cas de contrôles
Q198.03.04;majeur;Élément de traçabilité du dossier de lot;Eléments à renseigner au moment des contrôles et de la libération pharmaceutique … ● Mention de l'acceptation ou du refus de la préparation
Q198.03.05;majeur;Élément de traçabilité du dossier de lot;Eléments à renseigner au moment des contrôles et de la libération pharmaceutique … ● Mention de l'acceptation ou du refus de la préparation
Q198.03.06;majeur;Élément de traçabilité du dossier de lot;Eléments à renseigner au moment des contrôles et de la libération pharmaceutique … ● Date, identification et signature du pharmacien ayant libéré la préparation
Q198.03.07;majeur;Élément de traçabilité du dossier de lot;Eléments à renseigner au moment des contrôles et de la libération pharmaceutique … ● Date, identification et signature du pharmacien ayant libéré la préparation
Q198.04.01;majeur;Élément de traçabilité du dossier de lot;Autres documents … Documents relatifs aux contrôles de l'environnement
Q198.04.02;majeur;Élément de traçabilité du dossier de lot;Autres documents … Documentation relative aux retours et réclamations et rappels de lots
Q198.04.03;mineur;Certificat de destruction : pièce documentaire annexe;Autres documents … Certificat de destruction
Q198.04.04;majeur;Élément de traçabilité du dossier de lot;Autres documents … Anomalies
Q198.04.05;mineur;Documents d’échantillonnage : pièce documentaire annexe;Autres documents … Documents d'échantillonage
Q199;critique;Libération sans revue complète du lot : préparation non conforme;La libération pharmaceutique tient compte de tous les éléments du dossier de lot
Q200;majeur;Décision d’acceptation/refus tracée au dossier de lot;Le dossier de lot mentionne l'acceptation ou du refus de la préparation
Q201.01;majeur;Mention de traçabilité de l’ordonnancier;Il existe un ordonnancier (livre-registre) des préparations (informatique ou papier) avec les mentions suivantes … Numéros d'ordonnancier chronologiques et différents à chaque préparation
Q201.02;majeur;Mention de traçabilité de l’ordonnancier;Il existe un ordonnancier (livre-registre) des préparations (informatique ou papier) avec les mentions suivantes … Date de réalisation
Q201.03;mineur;Mention ordonnancier secondaire : détail d’énumération;Il existe un ordonnancier (livre-registre) des préparations (informatique ou papier) avec les mentions suivantes … En cas de sous-traitance : nom, adresse et n° de lot de la préparation utilisé par la pharmacie sous-traitante
Q201.04;mineur;Mention ordonnancier secondaire : détail d’énumération;Il existe un ordonnancier (livre-registre) des préparations (informatique ou papier) avec les mentions suivantes … Prescripteur
Q201.05;mineur;Mention ordonnancier secondaire : détail d’énumération;Il existe un ordonnancier (livre-registre) des préparations (informatique ou papier) avec les mentions suivantes … Service de soins
Q201.06;majeur;Mention de traçabilité de l’ordonnancier;Il existe un ordonnancier (livre-registre) des préparations (informatique ou papier) avec les mentions suivantes … Nom et prénom du patient
Q201.07;majeur;Mention de traçabilité de l’ordonnancier;Il existe un ordonnancier (livre-registre) des préparations (informatique ou papier) avec les mentions suivantes … Dénomination de la préparation, dosage en MPUP, forme pharmaceutique et conditionnement
Q201.08;majeur;Mention de traçabilité de l’ordonnancier;Il existe un ordonnancier (livre-registre) des préparations (informatique ou papier) avec les mentions suivantes … Composition qualitative et quantitative, N° de lot et fournisseur de chaque constituant
Q201.09;majeur;Mention de traçabilité de l’ordonnancier;Il existe un ordonnancier (livre-registre) des préparations (informatique ou papier) avec les mentions suivantes … Nombre d'unités réalisées avec indication de la masse, volume des substances actives engagées par lot
Q201.10;majeur;Mention de traçabilité de l’ordonnancier;Il existe un ordonnancier (livre-registre) des préparations (informatique ou papier) avec les mentions suivantes … Identification de la personne ayant réalisé la préparation et s'il y a lieu le nom et l'adresse de la pharmacie sous-traitance
Q202;majeur;Lien ordonnancier–dossier de lot;Les mentions inscrites à l'ordonnancier permettent d'identifier le dossier de lot de la préparation dispensée
Q203;majeur;Lien ordonnancier–dossier de lot en sous-traitance;Les mentions inscrites à l'ordonnancier permettent d'identifier le dossier de lot de la préparation dispensée par la pharmacie ayant assuré la préparation dans le cas de la sous-traitance
Q204;mineur;Forme et revue de la liste des équipements critiques;Il existe une liste qualitative et quantitave qui comprend les matériels, les équipements et les installations de préparation ou de contrôle considérés comme critiques, établie par le PRP
Q205;majeur;Liste des équipements critiques établie par le PRP;Il existe une liste qui comprend les matériels, les équipements et les installations de préparation ou de contrôle considérés comme critiques, établie par le PRP
Q206;mineur;Forme et revue de la liste des équipements critiques;La liste qui comprend les matériels, les équipements et les installations de préparation ou de contrôle considérés comme critiques, établie par le PRP est datée et revue au moins annuellement pour tenir compte des nouveaux équipements
Q207;mineur;Inventaire aménagements sécurité : documentaire;Un listing quantitatif et qualitatif des aménagements et installations adaptés à l’hygiène, à la protection et à la sécurité du personnel est maintenu à jour au sein de l'ES (ex rinces-œil)
Q208;mineur;Plans des locaux et flux disponibles : documentaire;Les plans détaillant les locaux (identification, affectation, surface) et l'implantation des équipements sont disponibles
Q209;mineur;Plans des locaux et flux disponibles : documentaire;Les plans décrivant l'organisation des flux des personnels, des matières, des préparations finies et des déchets sont disponibles
Q210;majeur;Accès aux locaux limité aux personnes autorisées;Il existe une liste des personnes autorisées à accéder aux locaux validée par le PRP/pharmacien gérant
Q211;majeur;Contrôle d’accès aux zones de préparation;La liste des personnes autorisées à accéder aux zones de préparation est formalisée, à jour, et vérifiable via un contrôle d'accès (badge, registre)
Q212;majeur;Zones dédiées identifiables et distinctes;Pour la réalisation des préparations de catégories 1, 2 et 3 chaque zone/local dédié listé est physiquement identifiable et distinct
Q213;majeur;Schéma aéraulique disponible pour le PRP;Le PRP dispose du schéma aéraulique de la zone de préparation et des zones contrôlées attenantes
Q214;majeur;Valeurs limites d’exposition professionnelle documentées;Il existe un document à jour recensant les valeurs limites d'exposition professionnelle des substances utilisées lorsqu'elles sont connues
Q215-A;mineur;Durées d’archivage : exigence documentaire;Il existe une procédure relative à l'archivage des documents qui fixe la durée d'archivage des documents suivants
Q215;mineur;Durées d’archivage : exigence documentaire;Analyse de la prescription d'une préparation : durée minimum fixée par l'établissement
Q216;mineur;Durées d’archivage : exigence documentaire;Dossier de préparation : au moins 5 ans après la date de péremption du dernier lot du produit
Q217;mineur;Durées d’archivage : exigence documentaire;Dossier de lot : au moins 1 an après la date de péremption de la préparation
Q218;mineur;Durées d’archivage : exigence documentaire;Registres des préparations (ordonnancier) : au moins 10 ans
Q219;mineur;Durées d’archivage : exigence documentaire;Registres des réceptions : durée minimum fixée par l'établissement (si applicable)
Q220;mineur;Durées d’archivage : exigence documentaire;Documents qualité (cahiers de suivi, enregistrements relatifs à la qualité, ...) : durée fixée par l'établissement
Q221;majeur;Qualifications réglementaires du personnel;Les personnels disposent des qualifications réglementaires à l'exercice de leurs fonctions et celles ci sont enregistrées (diplôme,…)
Q222;majeur;Désignation du pharmacien responsable des préparations;Un pharmacien est désigné responsable des préparations (PRP)
Q223;mineur;Formalisation écrite de la désignation du PRP;L'acte de désignation du PRP est formalisé par écrit (fiche de fonction signée), daté et archivé.
Q224;majeur;Compétences et formation du PRP;Le PRP présente les compétences nécessaires à sa prise de fonction et justifie d'une formation
Q225.01;majeur;Dossier de compétences du PRP;Le PRP dispose d'un dossier individuel prouvant formation initiale, expérience et formation continue spécifiques à la préparation stérile, mis à jour chaque année qui contient la … documentation de formation initiale adaptée
Q225.02;majeur;Dossier de compétences du PRP;Le PRP dispose d'un dossier individuel prouvant formation initiale, expérience et formation continue spécifiques à la préparation stérile, mis à jour chaque année qui contient la … documentation d'expérience dans le domaine
Q225.03;majeur;Dossier de compétences du PRP;Le PRP dispose d'un dossier individuel prouvant formation initiale, expérience et formation continue spécifiques à la préparation stérile, mis à jour chaque année qui contient la … documentation de formation continue dans le domaine
Q226;majeur;Formation du PRP spécifique ZAC et poste;Le PRP présente les compétences nécessaires à sa prise de fonction et justifie d'une formation spécifique au fonctionnement de la ZAC et au type de poste de travail
Q227.01;majeur;Dossier de compétences du PRP;Le PRP dispose d'un dossier individuel prouvant formation initiale, expérience et formation continue spécifiques au fonctionnement de la ZAC et au type de poste de travail, mis à jour chaque année qui contient la … documentation de formation initiale adaptée
Q227.02;majeur;Dossier de compétences du PRP;Le PRP dispose d'un dossier individuel prouvant formation initiale, expérience et formation continue spécifiques au fonctionnement de la ZAC et au type de poste de travail, mis à jour chaque année qui contient la … documentation d'expérience dans le domaine
Q227.03;majeur;Dossier de compétences du PRP;Le PRP dispose d'un dossier individuel prouvant formation initiale, expérience et formation continue spécifiques au fonctionnement de la ZAC et au type de poste de travail, mis à jour chaque année qui contient la … documentation de formation continue dans le domaine
Q228;mineur;Information écrite du pharmacien gérant : formalité;En cas d'inaptitude du PRP à assurer ses fonctions, le pharmacien gérant en est averti par écrit
Q229;majeur;Désignation d’un remplaçant du PRP;Un pharmacien remplaçant le PRP est désigné
Q230;majeur;Remplaçant désigné à l’avance avec compétences;Le remplaçant du PRP est nommément désigné par écrit à l'avance (et non improvisé le jour de l'absence), avec son propre dossier de compétences à jour
Q231;majeur;Responsabilités du remplaçant formalisées;Les fonctions et responsabilités attribuées au remplaçant du PRP sont formalisées
Q232;majeur;Compétences et formation du remplaçant PRP;Le pharmacien désigné remplaçant du PRP présente les compétences nécessaires à sa prise de fonction et justifie d'une formation
Q233.01;majeur;Dossier de compétences du remplaçant PRP;Le pharmacien désigné remplaçant du PRP dispose d'un dossier individuel prouvant formation initiale, expérience et formation continue spécifiques à la préparation stérile, mis à jour chaque année, qui contient la … documentation de formation initiale adaptée
Q233.02;majeur;Dossier de compétences du remplaçant PRP;Le pharmacien désigné remplaçant du PRP dispose d'un dossier individuel prouvant formation initiale, expérience et formation continue spécifiques à la préparation stérile, mis à jour chaque année, qui contient la … documentation d'expérience dans le domaine
Q233.03;majeur;Dossier de compétences du remplaçant PRP;Le pharmacien désigné remplaçant du PRP dispose d'un dossier individuel prouvant formation initiale, expérience et formation continue spécifiques à la préparation stérile, mis à jour chaque année, qui contient la … documentation de formation continue dans le domaine
Q234;majeur;Compétence du remplaçant du PRP non garantie;Le pharmacien désigné remplaçant du PRP présente les compétences nécessaires à sa prise de fonction et justifie d'une formation (fonctionnement de la ZAC / type de poste de travail)
Q235.01;mineur;Preuve documentaire de formation initiale du remplaçant;Le pharmacien désigné remplaçant du PRP dispose d'un dossier individuel prouvant formation initiale, expérience et formation continue spécifiques (fonctionnement de la ZAC / type de poste de travail), mis à jour chaque année, qui contient la … documentation de formation initiale adaptée
Q235.02;mineur;Preuve documentaire d'expérience du remplaçant;Le pharmacien désigné remplaçant du PRP dispose d'un dossier individuel prouvant formation initiale, expérience et formation continue spécifiques (fonctionnement de la ZAC / type de poste de travail), mis à jour chaque année, qui contient la … documentation d'expérience dans le domaine
Q235.03;mineur;Preuve documentaire de formation continue du remplaçant;Le pharmacien désigné remplaçant du PRP dispose d'un dossier individuel prouvant formation initiale, expérience et formation continue spécifiques (fonctionnement de la ZAC / type de poste de travail), mis à jour chaque année, qui contient la … documentation de formation continue dans le domaine
Q236;majeur;Absence de responsable des contrôles désigné;Une personne responsable des contrôles est désignée
Q237;majeur;Responsabilités du responsable contrôles non formalisées;Les fonctions et responsabilités attribuées à la personne responsable des contrôles sont formalisées
Q238.01;mineur;Preuve documentaire formation initiale responsable contrôles;La personne responsable des contrôles dispose d'un dossier individuel prouvant formation initiale, expérience et formation continue spécifiques, mis à jour chaque année, qui contient la … documentation de formation initiale adaptée à la supervision des contrôles
Q238.02;mineur;Preuve documentaire expérience responsable contrôles;La personne responsable des contrôles dispose d'un dossier individuel prouvant formation initiale, expérience et formation continue spécifiques, mis à jour chaque année, qui contient la … documentation d'expérience dans le domaine des contrôles
Q238.03;mineur;Preuve documentaire formation continue responsable contrôles;La personne responsable des contrôles dispose d'un dossier individuel prouvant formation initiale, expérience et formation continue spécifiques, mis à jour chaque année, qui contient la … documentation de formation continue dans le domaine des contrôles
Q239;mineur;Dossier de compétences distinct, exigence documentaire;La personne responsable des contrôles dispose d'un dossier de compétences distinct de celui du PRP, avec preuve d'actualisation régulière de ses connaissances analytiques
Q240;majeur;Sous-effectif pharmacien compromet supervision et validation;L'effectif Pharmacien est suffisant (calculateur de la SFPO)
Q241;majeur;Sous-effectif PPH augmente le risque d'erreur;L'effectif PP(H) est suffisant (calculateur de la SFPO)
Q242;majeur;Effectif insuffisant pour assurer les contrôles;Les effectifs sont adaptés à l'activité de contrôle
Q243;mineur;Effectif logistique, impact indirect sur la qualité;L' effectif en personnels dédiés aux approvisionnement, stockage est suffisant
Q244;mineur;Effectif entretien, impact indirect sur la qualité;L'effectif du personnel d'entretien est suffisant (calculateur de la SFPO)
Q245;majeur;Absence d'auto-inspection BPP régulière;Le PRP s’assure du respect des règles des Bonnes Pratiques de Préparation (BPP) et de la qualité des préparations réalisées par la réalisation réguliere d'une auto-inspection relative à l'application des BPP
Q246.01;majeur;Responsabilités qualité du PRP non assurées;Le PRP est donc responsable notamment : … de tâches liées au management du système qualité
Q246.01.01;majeur;Dossier de préparation non élaboré ni validé;de l'élaboration et la validation du dossier de préparation
Q246.01.02;majeur;Procédures non approuvées par le PRP;de l'approbation des procédures et des modes opératoires, y compris les modifications
Q246.01.03;majeur;Surveillance environnementale non supervisée;de la surveillance et du contrôle de l’environnement de préparation
Q246.01.04;majeur;Hygiène et sécurité des locaux non assurées;de l'hygiène et de la sécurité dans les locaux
Q246.01.05;majeur;Validation des procédés non assurée;de la validation des procédés
Q246.01.06;majeur;Adéquation de la formation non suivie;du suivi et de l'adéquation de la formation requise pour le personnel
Q246.01.07;mineur;Participation aux revues qualité;de la participation à des revues qualité
Q246.01.08;majeur;Remontée des problèmes qualité non organisée;de la mise en œuvre d’une procédure efficace de communication pour remonter les problèmes de qualité en temps utile aux personnes appropriées
Q246.01.09;mineur;Archivage des dossiers de lot;de l'archivage des dossiers de lots et des dossiers de préparations
Q246.01.10;majeur;Sélection des fournisseurs et sous-traitants non maîtrisée;de la sélection des fournisseurs, des sous-traitants et des prestataires des activités externalisées
Q246.02;majeur;Responsabilités de réalisation du PRP non assurées;Le PRP est donc responsable notamment : … de tâches liées à la réalisation des préparations
Q246.02.01;majeur;Conditions de stockage non maîtrisées;des conditions de stockage des MPUP, des articles de conditionnement, des produits intermédiaires et des préparations terminées
Q246.02.02;majeur;Instructions de préparation non vérifiées;des instructions concernant les opérations de réalisation de la préparation et vérifier leur stricte exécution
Q246.02.03;critique;Évaluation du dossier de lot avant libération;de l'évaluation des dossiers de lot et de leur signature par une personne autorisée
Q246.02.04;majeur;Entretien et qualification locaux/équipements non assurés;de l’entretien des locaux et des équipements ainsi que de leur qualification
Q246.02.05;majeur;Validations nécessaires non vérifiées;de s'assurer que les validations nécessaires ont bien été effectuées.
Q246.03;majeur;Responsabilités contrôle qualité du PRP non assurées;Le PRP est donc responsable notamment : … de tâches liées au contrôle de la qualité
Q246.03.01;critique;Acceptation/refus des préparations : libération non conforme possible;d'accepter ou de refuser, selon ce qu’il juge approprié, les MPUP, les articles de conditionnement, les produits intermédiaires et les préparations terminées
Q246.03.02;critique;Contrôles libératoires non vérifiés avant libération;de s’assurer que tous les contrôles requis ont été effectués et que les dossiers correspondants ont été évalués
Q246.03.03;majeur;Validations nécessaires non vérifiées;de s’assurer que les validations nécessaires ont bien été effectuées.
Q247;majeur;Nouvelle préparation non validée par le PRP;Le PRP valide toute nouvelle préparation devant être réalisée
Q248;mineur;Formalisation de la décision (annexe II);Cette décision est formalisée (annexe II)
Q249;majeur;Qualification et requalification des équipements non définies;Le PRP s'assure de la qualification des matériels et installations, définit les conditions de requalification et leur périodicité
Q250;majeur;Déclaration des affections et éviction non organisées;Le PRP prévoit des instructions qui garantissent que les opérateurs signalent toute affection pouvant avoir une influence sur la qualité de la préparation réalisée. La déclaration des affections nécessitant une éviction du personnel de la zone de préparation est organisée.
Q251;majeur;Délégation à personnel non qualifié;Le PRP et l'encadrement s'assurent que les personnes à qui on délègue certaines tâches ont les qualifications requises
Q252;mineur;Enregistrement nominatif des délégations;Cette délégation de tâche est enregistrée nominativement (qui, quelle tâche, sur quelle base de qualification)
Q253;majeur;Sensibilisation du personnel aux conséquences des déviations;Le personnel travaillant en ZAC est pleinement conscient des conséquences potentielles de toute déviation aux procédures validées, pour l'intégrité de la préparation et la sécurité du patient/personnel.
Q254.01;majeur;Formation spécifique aux préparations stériles absente;La procédure de formation initiale (avec habillitation) et continue, comprend un plan de formation, une formation spécifique : … à la réalisation des prépration stériles
Q254.02;majeur;Formation à la manipulation des produits à risque;La procédure de formation initiale (avec habillitation) et continue, comprend un plan de formation, une formation spécifique : … à la manipulation des produits à risque
Q254.03;majeur;Formation aux BPP absente;La procédure de formation initiale (avec habillitation) et continue, comprend un plan de formation, une formation spécifique : … à la connaissance des BPP
Q254.04;majeur;Formation aux contrôles absente;La procédure de formation initiale (avec habillitation) et continue, comprend un plan de formation, une formation spécifique : … aux contrôles
Q254.05;majeur;Formation au nettoyage-désinfection absente;La procédure de formation initiale (avec habillitation) et continue, comprend un plan de formation, une formation spécifique : … aux opérations de nettoyage et de désinfection
Q254.06;mineur;Formation au réapprovisionnement des zones;La procédure de formation initiale (avec habillitation) et continue, comprend un plan de formation, une formation spécifique : … aux réapprovisionnement des zones
Q254.07;majeur;Formation à la maintenance absente;La procédure de formation initiale (avec habillitation) et continue, comprend un plan de formation, une formation spécifique : … à la maintenance
Q254.08;mineur;Formation à l'évacuation des déchets;La procédure de formation initiale (avec habillitation) et continue, comprend un plan de formation, une formation spécifique : … à l'évacuation des déchets
Q254.09;mineur;Formation à l'entrée dans les locaux;La procédure de formation initiale (avec habillitation) et continue, comprend un plan de formation, une formation spécifique : … à l'entrée des locaux
Q254.10;majeur;Formation habillage, hygiène et protection absente;La procédure de formation initiale (avec habillitation) et continue, comprend un plan de formation, une formation spécifique : … aux procédures relatives à l'habillage, à l'hygiène et à la protection du personne
Q255;critique;Absence de test de remplissage aseptique pour habilitation;Dans le cadre de l'habillitation spécifique à la réalisation des préprations stériles (formation intiale et continue) à destination des PPH et personnels pharmaceutiques, celle-ci comprend un test de remplissage aseptique (éléments de preuve)
Q256;critique;Opérateurs non validés media fill préparant des stériles;La liste des personnes ayant réussi le test de remplissage aseptique est à jour et consultable, avec exclusion automatique des non-validés du planning de préparation stérile
Q257;majeur;Évaluation annuelle des pratiques non réalisée;Les connaissances et pratiques du personnel sont maintenues à jour, avec une évaluation au moins annuelle adaptée au niveau de risque des préparations réalisées.
Q258;mineur;Indicateur de réalisation des évaluations;Le taux de réalisation effective de l'évaluation annuelle est mesuré (% du personnel évalué dans les temps), avec relance en cas de retard
Q259;majeur;Fréquences de formation aseptique non adaptées;Dans le cadre du plan de formation, les fréquences de formations et d’évaluations pour la réalisation de préparations aseptiques sont définies et sont adaptées à l'activité réelle de préparations aseptiques (LD1 tableau 5 utilisé comme repère, non comme minimum figé sans analyse).
Q260.01;majeur;Formation sur la nature des produits manipulés;La procédure de formation initiale (avec habillitation) et continue, dans le cadre des procédures relatives à l'habillage, à l'hygiène et à la protection du personne, prévoit une formation complémentaire spécifique qui porte sur … la nature des produits manipulés
Q260.02;majeur;Formation à l'identification des risques et étiquetage;La procédure de formation initiale (avec habillitation) et continue, dans le cadre des procédures relatives à l'habillage, à l'hygiène et à la protection du personne, prévoit une formation complémentaire spécifique qui porte sur … l’identification et la compréhension des risques notamment grâce à la connaissance de l’étiquetage
Q260.03;majeur;Formation aux protections collectives et individuelles;La procédure de formation initiale (avec habillitation) et continue, dans le cadre des procédures relatives à l'habillage, à l'hygiène et à la protection du personne, prévoit une formation complémentaire spécifique qui porte sur … les dispositifs de protection collective et individuelle à utiliser
Q260.04;majeur;Formation à la conduite en cas d'incident;La procédure de formation initiale (avec habillitation) et continue, dans le cadre des procédures relatives à l'habillage, à l'hygiène et à la protection du personne, prévoit une formation complémentaire spécifique qui porte sur … la conduite à tenir en cas d’incident et l’utilisation des kits de décontamination et de(s) trousse(s) d’urgence
Q260.05;mineur;Formation à la déclaration des accidents d'exposition;La procédure de formation initiale (avec habillitation) et continue, dans le cadre des procédures relatives à l'habillage, à l'hygiène et à la protection du personne, prévoit une formation complémentaire spécifique qui porte sur … le dispositif existant de déclaration des accidents d’exposition
Q261.01;majeur;Formation spécifique des pharmaciens;La procédure de formation initiale (avec habillitation) et continue, comprend une formation spécifique, pour les : … Pharmaciens
Q261.02;majeur;Formation spécifique des internes;La procédure de formation initiale (avec habillitation) et continue, comprend une formation spécifique, pour les : … Internes en pharmacie
Q261.03;mineur;Formation spécifique des étudiants 5AHU;La procédure de formation initiale (avec habillitation) et continue, comprend une formation spécifique, pour les : … Etudiants en 5ème AHU
Q261.04;majeur;Formation spécifique des PPH;La procédure de formation initiale (avec habillitation) et continue, comprend une formation spécifique, pour les : … PP(H)
Q261.05;majeur;Formation spécifique du personnel de nettoyage;La procédure de formation initiale (avec habillitation) et continue, comprend une formation spécifique, pour les : … personnel affecté au nettoyage
Q261.06;mineur;Formation du personnel logistique;La procédure de formation initiale (avec habillitation) et continue, comprend une formation spécifique, pour les : … personnel affecté à la manutention, aux approvisionnement, stockage
Q262;majeur;Traçabilité de la formation initiale absente;Les éléments de preuve de la formation initiale sont enregistrés pour l'ensemble du personnel (pharmaciens, internes en pharmacie, étudiants en 5ème AHU, PP(H), personnel affecté au nettoyage, personnel affecté à la manutention, aux approvisionnement, stockage)
Q263;mineur;Identification des organismes de formation;La formation est assurée en interne ou par des organismes habilités (les citer)
Q264;majeur;Absence de suivi des compétences;Un tableau de suivi des compétences est mis en place
Q265;majeur;Planning non fondé sur les compétences validées;Les planning, par poste, sont établis en fonction du tableau de suivi des compétences.
Q266;majeur;Intervenants extérieurs non formés à l'accès;La procédure d'accès aux locaux implique une formation spécifique à l'entrée dans les locaux de préparation, au personnel suceptible d'intervenir dans les locaux (biomédical, technique et hygiène des locaux, prestataire externe…) (éléments de preuve)
Q267;majeur;Cahier des charges sans formation du prestataire;Dans le cas où les prestations de nettoyage, d'entretien, d'évacuation des déchets et de maintenance sont sous-traitées, le cahier des charges prévoit que le prestataire forme le personnel affecté à la spécificité de ses missions
Q268.01;majeur;Tenue et chaussures de travail non adaptées;Dans le cadre des procédures relatives à l'habillage, à l'hygiène et à la protection du personnel, les éléments suivants sont pris en compte : … le port de vêtements et de chaussures de travail adaptés en fonction des travaux à effectuer
Q268.02;majeur;Fréquence de changement des gants non définie;Dans le cadre des procédures relatives à l'habillage, à l'hygiène et à la protection du personnel, les éléments suivants sont pris en compte : … le port de gants avec définition de la fréquence de changement des gants stériles
Q268.03;majeur;Port de la charlotte non prévu;Dans le cadre des procédures relatives à l'habillage, à l'hygiène et à la protection du personnel, les éléments suivants sont pris en compte : … le port de la charlotte
Q268.04;mineur;Port du cache-barbe, détail d'habillage;Dans le cadre des procédures relatives à l'habillage, à l'hygiène et à la protection du personnel, les éléments suivants sont pris en compte : … le port de cache barbe
Q268.05;critique;EPI non définis : exposition directe aux cytotoxiques;Dans le cadre des procédures relatives à l'habillage, à l'hygiène et à la protection du personnel, les éléments suivants sont pris en compte : … les EPI et la définition des conditions d'utilisation
Q268.06;majeur;Bijoux et objets personnels non interdits;Dans le cadre des procédures relatives à l'habillage, à l'hygiène et à la protection du personnel, les éléments suivants sont pris en compte : … l'absence de port de montres-bracelets, les bijoux et autres objets personnels tels que les téléphones portables
Q268.07;mineur;Interdiction du maquillage, détail d'hygiène;Dans le cadre des procédures relatives à l'habillage, à l'hygiène et à la protection du personnel, les éléments suivants sont pris en compte : … l'absence de maquillage (incluant le vernis à ongle),
Q268.08;majeur;Équipement de protection inadapté à la classe;Dans le cadre des procédures relatives à l'habillage, à l'hygiène et à la protection du personnel, les éléments suivants sont pris en compte : … l'adaptation du type d'équipement de protection (de qualité) à la classe de la zone de travail ainsi qu'aux préparations réalisées
Q269;majeur;Signalement des affections contaminantes non prévu;La procédure relative à l'hygiène du personnel mentionne l'obligation de signaler toute affection pouvant entrainer un risque de contamination des préparations
Q270.01;majeur;Tenue non adaptée au niveau de propreté;La procédure relative à l'habillage précise que … la tenue portée est adaptée au procédé et au niveau de propreté de la zone,
Q270.02;majeur;Vêtements personnels introduits en sas B/C;La procédure relative à l'habillage précise que … les vêtements personnels ne sont pas introduits dans les sas menant aux classes B ou C.
Q270.03;mineur;Lieu du changement tenue de ville;La procédure relative à l'habillage précise que … le changement tenue de ville / tenue de travail se fait dans le vestiaire du personnel
Q270.04;majeur;Changement de tenue hors sas;La procédure relative à l'habillage précise que … le changement tenue de travail / tenue appropriée à la classe cible du local de la ZAC se fait dans le sas
Q271.01;majeur;Habillage classe D non défini;"La procédure relative à l'habillage du personnel précise les types de vêtements et d’équipements requis pour chaque classe ; le type d'équipement de protection est de qualité adapté à la classe de la zone de travail ainsi qu'aux préparations réalisées : … Classe D : Les cheveux et, le cas échéant, la barbe sont couverts. Un vêtement protecteur et des chaussures ou des couvre-chaussures adaptés sont à porter"
Q271.02;majeur;Habillage classe C non défini;"La procédure relative à l'habillage du personnel précise les types de vêtements et d’équipements requis pour chaque classe ; le type d'équipement de protection est de qualité adapté à la classe de la zone de travail ainsi qu'aux préparations réalisées : … Classe C : Les cheveux et le cas échéant, la barbe et la moustache sont couverts. Un masque couvrant le visage pour éviter l’émission de gouttelettes est utilisé si nécessaire. Des gants sont à porter. Ils sont stériles si besoin. Un vêtement constitué d’une veste et d’un pantalon ou d’une combinaison, serré aux poignets et muni d’un col montant, ainsi que de chaussures ou couvre-chaussures adaptés sont à porter. Le tissu ne libère pratiquement pas de fibres ou de particules"
Q271.03;critique;Habillage stérile A/B non défini : contamination aseptique;"La procédure relative à l'habillage du personnel précise les types de vêtements et d’équipements requis pour chaque classe ; le type d'équipement de protection est de qualité adapté à la classe de la zone de travail ainsi qu'aux préparations réalisées : … Classes A et B : Un vêtement protecteur propre et stérile, ainsi que masques, gants et autres protections stériles sont portés par chaque opérateur en zone de classe A et B. Une cagoule enferme totalement les cheveux et, le cas échéant, la barbe et la moustache ; cette cagoule est reprise dans le col de la veste ; un masque couvre le visage pour éviter l'émission de gouttelettes. Des gants stérilisés et non poudrés, ainsi que des bottes stérilisées ou désinfectées sont à porter. Le bas du pantalon est enserré dans les bottes, de même que les manchettes dans les gants. Ce vêtement protecteur ne libère pratiquement ni fibres ni particules et retient les particules émises par l’opérateur"
Q272.01;majeur;Double gantage non préconisé;Dans le cadre des procédures relatives à l'habillage, à l'hygiène et à la protection du personnel, il est précisé … que l'utilisation de plusieurs paire de gants est préconisée
Q272.02;critique;Gants inadaptés au produit : exposition du manipulateur;Dans le cadre des procédures relatives à l'habillage, à l'hygiène et à la protection du personnel, il est précisé … que le choix des gants est adapté à la nature du produit manipulé
Q272.03;critique;EPI CMR hors isolateur absents : exposition directe;Dans le cadre des procédures relatives à l'habillage, à l'hygiène et à la protection du personnel, il est précisé … qu'en cas de manipulation d'une substance CMR en dehors d'un isolateur, l'EPI comprend l'utilisation d'une sur-blouse, de manchon pour avant-bras et de gants
Q272.04;majeur;Protection respiratoire non disponible;"Dans le cadre des procédures relatives à l'habillage, à l'hygiène et à la protection du personnel, il est précisé … que des masques FFP2, FFP3 ou appareil respiratoire isolant sont disponibles en cas de ""danger respiratoire"" caractérisé"
Q272.05;majeur;Protection oculaire non disponible;"Dans le cadre des procédures relatives à l'habillage, à l'hygiène et à la protection du personnel, il est précisé … que des lunettes de protection/écrans faciaux sont disponibles en cas de ""danger occulaire"" caractérisé"
Q272.06;critique;EPI absents lors nettoyage/maintenance : exposition CMR;Dans le cadre des procédures relatives à l'habillage, à l'hygiène et à la protection du personnel, il est précisé … que les EPI et EPC, adaptés au niveau de risque, sont utilisés y compris au cours des opérations de nettoyage ou de maintenance réalisées à l’intérieur de la zone de préparation et lors des changements de matériels
Q273;mineur;Préférence pour tenue à usage unique;La procédure d'habillage favorise l'utilisation d'une tenue à usage unique
Q274;majeur;Gestion des tenues contaminées non maîtrisée;En cas d'utilisation de tenue à usage multiple, un dispositif fermé est prévu pour stocker les vêtements contaminés et les nettoyer
Q275;majeur;Interdictions d'hygiène non formalisées;Dans le cadre de la procédure qui décrit les règles d'hygiène, il et précisé qu'il est interdit notamment de de manger, de boire, de mâcher ou de fumer, ainsi que de garder de la nourriture, des boissons, du tabac ou des effets personnels
Q276.01;majeur;Contrôle du risque microbiologique non réalisé;Dans le cadre de la procédure relative à la protection du personnel, … des contrôles du risque de contamination microbiologique (prélèvement, lavage des mains, état des locaux..) et des contrôles sont réalisés conformemment à ces procédures (éléments de preuve)
Q276.02;majeur;Maîtrise du risque chimique non contrôlée;Dans le cadre de la procédure relative à la protection du personnel, … la maitrise du risque de contamination chimique (EPI, état des locaux, contrôles surfaciques...) est prise en compte et des contrôles sont réalisés conformément à ces procédures (éléments de preuve)
Q277;majeur;Risques d'entretien et maintenance non couverts;La procédure relative à la protection du personnel prend en compte les risque liés à l'entretien, les maintenance curatives et préventives des locaux et des équipements
Q278;majeur;Protection du personnel non étendue à toutes étapes;La procédure relative à la protection du personnel s'applique pour les étapes de préparation et d’échantillonnage et des contrôles de MPUP, ainsi que les préparations terminées.
Q279;majeur;Matériels et installations inadaptés aux opérations;Les matériels et installations sont adaptés aux opérations à effectuer et permettent de prévenir toute atteinte à la qualité des produits
Q280;majeur;Accès aux zones non autorisé par le PRP;L'autorisation d'accès aux zones de préparations est validée par le PRP/pharmacien gérant (seules les personnes autorisées peuvent pénétrer dans ces zones)
Q281;mineur;Affichage du nombre maximal de personnes;Le nombre maximal de personnes autorisées simultanément dans chaque zone de préparation est affiché/connu, avec un contrôle du respect effectif de cette limite
Q282;majeur;Locaux et équipements inadaptés au risque;Les locaux et les équipements sont adaptés aux opérations à réaliser (surface, nature de l'équipement adapté au risque,…) (recommandations SFPO)
Q283;majeur;Flux non séparés : risque de contamination croisée;L'organisation des locaux permet un déroulement logique des opérations et une séparation des activités qui le nécessitent (éviter tout croisement des flux de personnes, de produits et de matériels pour prévenir les contaminations)
Q284;majeur;Surfaces non compatibles avec désinfection répétée;Les sols/murs/plafonds/autres surfaces de la ZAC sont conçus pour permettre nettoyage/désinfection répété sans dégradation (norme EN 14441)
Q285;majeur;Efficacité du nettoyage non démontrée;L'efficacité du nettoyage (contaminations croisée)s est démontrée par des résultats de contrôle (prélèvements de surface)
Q286;majeur;Contamination extérieure non prévenue;Il existe des mesures appropriées évitant les contaminations provenant de l'extérieur de la zone de contamination (insectes, pollens, …)
Q287;mineur;Dispositif anti-nuisibles et son contrôle;Un dispositif physique anti-nuisibles (moustiquaire, piège) est en place et contrôlé périodiquement
Q288;mineur;Contrôle visuel documenté des zones;Un contrôle visuel documenté (photo, check-list) atteste régulièrement de la propreté/rangement/éclairage réel des zones
Q289;majeur;Paramètres d'ambiance non enregistrés ni alarmés;Il existe des documents et/ou des supports dématérialisés ou non, enregistrant tous les facteurs pouvant influer sur la qualité des préparations (T°, P°, hygrométrie). Une gestion des alarmes est organisée
Q290;majeur;Alarmes d'ambiance non exploitées en temps réel;Le système d'enregistrement des paramètres d'ambiance (T°, P°, hygrométrie) génère une alarme exploitée en temps réel, avec trace des actions prises en cas de dépassement
Q291;majeur;Système d'alarme non testé périodiquement;Le système de gestion des alarmes (T°, P°, hygrométrie) est testé périodiquement, avec preuve du dernier test et délai réel d'alerte du PRP
Q292;majeur;Seuils d'alerte et d'action non définis;Les conditions d'environnement requises (T°, P°, hygrométrie) sont définies avec des valeurs seuils d’alerte et d’action chiffrées & avec contrôle documenté de leur respect
Q293;mineur;Contact audio/visuel entre opérateurs;L'organisation des locaux permet un contact audio/visuel entre les opérateurs
Q294;majeur;Aménagements de sécurité du personnel insuffisants;Les locaux disposent des aménagements et installations adaptés à l’hygiène, à la protection et à la sécurité du personnel compte tenu de la nature des produits détenus et manipulés.
Q295;majeur;Équipements de sécurité non vérifiés fonctionnels;Les aménagements d'hygiène et de sécurité (lave-mains, douches, rince-yeux) sont vérifiés fonctionnels lors d'une visite terrain récente
Q296;mineur;Cohérence terminologique des documents;La distinction locale/zone est appliquée de façon cohérente dans tous les documents qualité (procédures, plans), évitant toute ambiguïté
Q297.01;majeur;Locaux non dédiés aux préparations non stériles;Des locaux et équipements spécifiques sont réservés pour … les préparations non stériles
Q297.02;majeur;Locaux non dédiés aux préparations stériles;Des locaux et équipements spécifiques sont réservés pour … les préparations stériles (hors anti-cancéreux et CMR)
Q297.03;majeur;Locaux non dédiés aux préparations à risque;Des locaux et équipements spécifiques sont réservés pour … les préparations à risques (stériles et non stériles)
Q297.04;majeur;Locaux non dédiés aux MTI;Des locaux et équipements spécifiques sont réservés pour … la reconstitution des MTI ou mise en forme des MTI préparés ponctuellement
Q298.01;majeur;Classe ZAC inadaptée, stérilisation terminale;Le choix de la zone d'atmosphère contrôlée est adapté aux opérations réalisées et justifiée au regard du niveau de risque défini dans les généralités. … Pour les préparations stérilisées en phase terminale avec risque potentiel de contamination microbiologique, la classe de ZAC retenue est conforme au tableau 6 (LD1)
Q298.02;majeur;Classe ZAC inadaptée, stérilisation terminale;Le choix de la zone d'atmosphère contrôlée est adapté aux opérations réalisées et justifiée au regard du niveau de risque défini dans les généralités. … Pour les préparations stérilisées en phase terminale sans risque potentiel de contamination microbiologique, la classe de ZAC retenue est conforme au tableau (LD1)
Q298.03;critique;Classe ZAC inadaptée en aseptique : contamination;Le choix de la zone d'atmosphère contrôlée est adapté aux opérations réalisées et justifiée au regard du niveau de risque défini dans les généralités. … Pour les préparations aseptiques, la classe de ZAC retenue est conforme au tableau 8 (LD1)
Q299;majeur;Adaptation pour filtration stérilisante non tracée;Lorsque la préparation fait intervenir une filtration stérilisante, le tableau 8 (LD1) est adapté en conséquence et cette adaptation est tracée.
Q300;majeur;Locaux non dédiés aux pulvérulents;Des locaux et équipements spécifiques sont réservés pour les produits pulvérulents
Q301;critique;Confinement pulvérulents non vérifié : exposition du personnel;Le local dédié aux produits pulvérulents dispose d'un confinement spécifique vérifié (dépression, filtration) et non une affectation d'usage
Q302.01;mineur;Signalétique risque chimique;Il existe une signalétique appropriée à l'usage des locaux … risque chimique (substances CMR Main Jaune)
Q302.02;mineur;Signalétique risque biologique;Il existe une signalétique appropriée à l'usage des locaux … risque biologique (agents biologiques des groupes 2, 3 ou 4 = logo Biohazard)
Q302.03;mineur;Signalétique risque azote;Il existe une signalétique appropriée à l'usage des locaux … rique azote
Q303;mineur;Vérification de la signalétique;Un contrôle a vérifié la signalétique lors de la dernière inspection visuelle documentée des locaux
Q304;majeur;Préparations à risque chimique hors locaux dédiés;Les préparations contenant des substances chimiques pouvant présenter un risque pour la santé et l'environnement sont effectuées dans des locaux dédiés
Q305;majeur;Ventilation des locaux non qualifiée;Les locaux et zones de préparation sont correctement ventilés (rapport de qualification)
Q306;majeur;Absence de renouvellement d'air;Les locaux présentent un système de renouvellement d'air
Q307;majeur;Taux de renouvellement d'air non vérifié;Le taux de renouvellement d'air mesuré est conforme à la valeur cible définie pour chaque local, avec preuve de mesure récente
Q308;majeur;Absence d'extraction d'air;Les locaux présentent un système d'extraction d'air
Q309;majeur;Rejet d'air extrait non conforme;Le point de rejet de l'air extrait est conforme (hauteur, filtration) pour éviter toute recontamination de l'environnement
Q310;majeur;Entretien des locaux non tracé;Le planning d'entretien des locaux est suivi avec un enregistrement de chaque passage (date, opérateur), permettant de vérifier son respect effectif
Q311;majeur;Organisation par campagne non adaptée;"Si les productions d’une ou de plusieurs préparations sont organisées ""par campagne"" l’organisation de la zone de préparation est adaptée"
Q312.01;majeur;Formes pharmaceutiques non séparées;Les dispositions suivantes sont respectées : … préparation des différentes formes pharmaceutiques dans des zones adaptées séparées
Q312.02;majeur;Production par campagne non encadrée;Les dispositions suivantes sont respectées : … production « par campagne » à considérer le cas échéant
Q312.03;majeur;Nettoyage-désinfection inadapté;Les dispositions suivantes sont respectées : … mise en oeuvre d'opérations de nettoyage et de désinfection appropriées
Q313;majeur;Nettoyage inter-campagne non validé;Les procédures de nettoyage/décontamination inter-campagne sont validées par des prélèvements de contrôle démontrant l'absence de contamination croisée résiduelle
Q314;majeur;Classification ZAC incohérente avec l'activité;Les ZAC utilisées sont classées A, B, C ou D selon le nombre maximal de particules autorisées, et cette classification est cohérente avec l'activité qui y est réalisée.
Q315;majeur;Classification particulaire annuelle non conforme;Le rapport d'analyse annuel est conforme aux BPP, à savoir que le nombre maximal autorisé de particules par m3 (de taille égale ou supérieur à) des différentes classes est : * Au repos : Classe A : 3520 (0,5 μm) et 20 (5 μm) Classe B : 3520 (0,5 μm) et 29 (5 μm) Classe C : 352 000 (0,5 μm) et 2900 (5 μm) Classe D : 3 520 000 (0,5 μm) et 29 000 (5μm) * En activité : Classe A : 3520 (0,5 μm) et 20 (5 μm) Classe B : 352 000 (0,5 μm) et 2900 (5 μm) Classe C : 3 520 000 (0,5 μm) et 29 000 (5μm) Classe D : Non défini
Q316;majeur;ZAC non qualifiées ni maintenues;Les ZAC (locaux et équipements) sont qualifiées et font l'objet d'une maintenance assurant la maîtrise continue de leurs qualités microbiologique et particulaire.
Q317;majeur;États repos/activité non caractérisés séparément;La classification des ZAC est distincte de la surveillance microbiologique, et les deux états « au repos » et « en activité » sont caractérisés séparément. Le rapport d'analyse annuel est conforme aux BPP, à savoir que le nombre maximal autorisé de particules par m3 (de taille égale ou supérieur à) des différentes classes est : * Au repos : Classe A : 3520 (0,5 μm) et 20 (5 μm) Classe B : 3520 (0,5 μm) et 29 (5 μm) Classe C : 352 000 (0,5 μm) et 2900 (5 μm) Classe D : 3 520 000 (0,5 μm) et 29 000 (5μm) * En activité : Classe A : 3520 (0,5 μm) et 20 (5 μm) Classe B : 352 000 (0,5 μm) et 2900 (5 μm) Classe C : 3 520 000 (0,5 μm) et 29 000 (5μm) Classe D : Non défini
Q318;majeur;Conception ZAC insuffisante pour la classe requise;La conception des ZAC permet d'atteindre les niveaux de propreté requis « au repos » (installation achevée, opérateurs absents) pour garantir les conditions « en activité » (installations en fonctionnement, opérateurs présents en nombre prévu).
Q319;majeur;Conditions de mesure au repos non définies;Les contrôles particulaires « au repos » sont réalisés en l'absence de personnel, après un temps d'épuration adapté aux caractéristiques de l'installation (délai défini et documenté).
Q320;majeur;Environnement du flux unidirectionnel non conforme;Toute ZAC contenant un ou des postes à flux d'air unidirectionnel est de classe B ou C selon le procédé, ce qui est vérifié
Q321;majeur;Environnement de l'isolateur positif non conforme;Toute ZAC contenant un isolateur en pression positive est au minimum de classe D, ce qui est vérifié
Q322;majeur;Environnement de l'isolateur en dépression non conforme;Toute ZAC contenant un isolateur en dépression est de classe C, ce qui est vérifié.
Q323;majeur;Sas de transit inadaptés;Les sas d'entrée et de sortie des ZAC sont identifiés comme volumes de transit entre zones de classes/risques différents, et leur conception est adaptée à cette fonction.
Q324;majeur;Entrée/sortie ZAC sans sas;L'entrée et la sortie de la ZAC se fait par des sas
Q325;majeur;Sas non surveillés comme la ZAC;Les sas sont intégrés à la ZAC qu'ils desservent, avec une surveillance et des contrôles identiques à ceux de la ZAC elle-même.
Q326;mineur;Séparation sas et vestiaire;Le(s) sas du personnel est (sont) distinct(s) du vestiaire du personnel
Q327;majeur;Absence d'asservissement des portes de sas;Il existe un système d'asservissement au niveau des portes d'un sas
Q328;majeur;Asservissement des portes non testé;Le système d'asservissement des portes du sas est testé périodiquement
Q329.01;majeur;Surfaces ZAC non lisses;Les surfaces apparentes des ZAC (y compris plafonds) sont … lisses
Q329.02;majeur;Surfaces ZAC non lavables;Les surfaces apparentes des ZAC (y compris plafonds) sont … lavables
Q329.03;majeur;Surfaces ZAC non imperméables;Les surfaces apparentes des ZAC (y compris plafonds) sont … imperméables
Q329.04;majeur;Surfaces ZAC fissurées;Les surfaces apparentes des ZAC (y compris plafonds) sont … sans fissures
Q330;mineur;Contrôle périodique des surfaces;Un contrôle périodique vérifie l'absence de fissures/imperfections des surfaces
Q331;mineur;Absence de carrelage, détail de conception;Il n'y a pas de carrelage
Q332;mineur;Plinthes affleurantes, détail de conception;Les plinthes sont conçues affleurantes pour limiter l'accumulation de poussières.
Q333;majeur;Faux plafonds non étanches;Les faux plafonds sont scellés et étanches
Q334;mineur;Contrôle documenté de l'étanchéité des plafonds;L'étanchéité des faux plafonds est vérifiée par un contrôle physique documenté (test de pression, inspection visuelle)
Q335;majeur;Canalisations et gaines non scellées;Les canalisations et les gaines ne perturbent pas le nettoyage et leurs orifices sont scellés et étanches
Q336;majeur;Éviers présents en classe A/B;Les éviers et canalisations d'évacuation sont exclus des zones de classe A et B.
Q337;majeur;Cascade de pressions non maîtrisée;L'alimentation en air filtré garantit en permanence une pression positive et un écart de pression compris entre 10 et 15 pascals entre locaux adjacents de classes différentes (sauf exception en cas de manipulation de produits à risque pour le personnel et l'environnement, comme les produits pulvérulents)
Q338;majeur;Différentiel de pression non vérifié en début de session;A chaque début de session de production, le différenciel de pression est vérifié
Q339;majeur;Schéma aéraulique non validé;Le schéma aéraulique est validé comme ne présentant pas de risque de contamination (positionnement adapté des bouches de soufflage/reprise, absence d'entraînement de particules vers une zone à plus haut risque).
Q340;mineur;Accès aux locaux techniques depuis zone classée;L'accès aux locaux techniques ne se fait pas depuis une zone classée
Q341;majeur;Taux de brassage non connu ni adapté;Le taux de brassage horaire d’air est connu et adapté à la taille de chaque local local ainsi qu’aux équipements et effectifs qui y sont présents
Q342;majeur;Absence de filtration HEPA;Le système de traitement d'air est équipé de filtres appropriés type HEPA
Q343;majeur;Renouvellement d'air non justifié;Le taux de renouvellement d'air est adapté et justifié au regard de l'utilisation de chaque ZAC selon la norme EN14644
Q344;majeur;Traitement d'air non conforme sécurité/environnement;Le système de traitement d'air permet le respect des normes environnementales et de sécurité du personnel.
Q345;majeur;Qualité microbiologique en dépression non garantie;En cas de préparation en zone en dépression, la conception des locaux et des équipements permettent de s'assurer de la qualité microbiologique de la préparation réalisée.
Q346;majeur;Pas de local dédié non stériles à risque;Il existe un local dédié ou à défaut une zone dédiée pour les préparations non stériles contenant des substances pouvant présenter un risque pour la santé et l’environnement
Q347;majeur;Formes orales CMR hors locaux dédiés;La préparations des formes orales classées CMR est réalisée dans des locaux et équipents adaptés et dédiés.
Q348;critique;Confinement formes orales CMR non vérifié : exposition;Le local dédié aux formes orales CMR dispose d'un confinement spécifique vérifié distinct du local des formes orales standards
Q349;majeur;Pas de local dédié stériles à risque chimique;Il existe un local dédié pour les préparations stériles contenant des substances chimiques pouvant présenter un risque pour la santé et l’environnement
Q350;majeur;Pas de local dédié MTI/non CMR;Il existe un local dédié pour les préparations stériles contenant des substances biologiques (MTI) et chimiques non CMR
Q351;majeur;Équipements communs MTI et chimiques;Les équipements sont différents pour les substances biologiques (MTI) et chimiques non CMR.
Q352;majeur;Équipement partagé sans analyse de risque;A défaut, un même équipement est utilisé pour la réalisation des préparations de substances biologiques et chimiques non CMR sous réserve d'une analyse de risque
Q353;mineur;Local ou zone de contrôle identifié;"Il existe un local, identifié, dédié au contrôle ; a minima une zone identifiée"
Q354;majeur;Zones de contrôle exposées aux confusions;Les locaux et zones de contrôle sont conçus afin d'éviter les confusions et contaminations croisées.
Q355;majeur;Locaux inadaptés aux contrôles;Les locaux ou zones sont adaptés aux contrôles à réaliser
Q356;mineur;Organisation des contrôles microbiologiques;La gestion des contrôles microbiologiques est réalisée dans un local dédié de l'unité ou externalisée
Q357;majeur;Conception des stockages prévenant confusions et contaminations;Les locaux et zones de stockage sont conçus afin d'éviter les confusions et contaminations croisées.
Q358;majeur;Plan de rangement limitant le risque de confusion;Un système et un plan de stockage et de rangement cohérents permettent de réduire le risque de confusion entre les différents produits.
Q359.01;majeur;Zone de réception/décartonnage distincte;Les locaux et zones de stockage sont adaptés afin de respecter les différentes catégories de matériels et de produits. Il existe un local / une zone de … réception / décartonnage
Q359.02;majeur;Zone dédiée au stockage des médicaments;Les locaux et zones de stockage sont adaptés afin de respecter les différentes catégories de matériels et de produits. Il existe un local / une zone de … stockage médicaments
Q359.03;mineur;Zone dédiée au stockage des DMS/consommables;Les locaux et zones de stockage sont adaptés afin de respecter les différentes catégories de matériels et de produits. Il existe un local / une zone de … stockage DMS / consommables
Q359.04;majeur;Séparation des préparations en attente de libération;Les locaux et zones de stockage sont adaptés afin de respecter les différentes catégories de matériels et de produits. Il existe un local / une zone de … stockage des prépations en attente de libération
Q359.05;mineur;Zone de stockage avant dispensation;Les locaux et zones de stockage sont adaptés afin de respecter les différentes catégories de matériels et de produits. Il existe un local / une zone de … stockage préparations en attente de dispensation
Q359.06;majeur;Quarantaine identifiée évitant l'utilisation de produits non libérés;Les locaux et zones de stockage sont adaptés afin de respecter les différentes catégories de matériels et de produits. Il existe un local / une zone de … quarantaine dédiée et identifiée pour les MPUP, DMS ou préparations terminées en quarantaine, refusés, retournés ou rappelés
Q360;mineur;Limitation du stock en zone de préparation;Le stock de MPUP et articles de condionnement est le plus limité possible dans les locaux de préparation
Q361;mineur;Seuil maximal de stock défini en zone;Le stock de MPUP en zone de préparation est limité à un seuil défini (quantité maximale autorisée)
Q362;mineur;Dimensionnement et accès des vestiaires;Les vestiaires sont facilement accessibles et d’une taille adaptée au nombre de personnes intervenant dans les activités de préparation.
Q363;majeur;Sanitaires isolés des zones de préparation;Les toilettes et les sanitaires ne communiquent pas directement avec les zones de préparation
Q364;majeur;Sas personnel distinct du vestiaire;Le sas du personnel est distinct du vestiaire du personnel
Q365;mineur;Locaux de nettoyage du matériel adaptés;Les locaux et zones de nettoyage du matériel sont adaptés à l'activité
Q366;mineur;Accès aux zones techniques hors zones classées;Les zones annexes (notamment les zones techniques avec les CTA) sont facilement accessibles et ne nécessitent pas le passage par les zones classées, notamment pour leur entretien/réparation
Q367;majeur;Local déchets prévu, notamment déchets dangereux;Les locaux intégrent un local/zone d'élimination des déchets
Q368;mineur;Dimensionnement de la zone déchets;La zone d'élimination des déchets est dimensionnée pour le volume réel généré, sans accumulation constatée lors des visites
Q369;majeur;Conception des annexes prévenant les contaminations croisées;Les locaux et zones annexes sont conçus afin d'éviter les confusions et contaminations croisées
Q370;majeur;Décartonnage hors ZAC limitant la contamination;Une zone dédiée au décartonnage, distincte de la zone de préparation, est identifiée et utilisée systématiquement pour retirer les conditionnements externes avant introduction en ZAC.
Q371;majeur;Dépression des zones de stockage à risque;Les zones de stockage médicaments et dé-cartonnage ont un gradient de pression négatif.
Q372;majeur;Évacuation réglementaire des effluents contaminés CMR;Il existe un système conforme à la réglementation en vigueur d'évacuation de l'eau et des fluides liquides contaminés afin de protéger l'environnement dans les locaux où sont manipulées des substances CMR
Q373;majeur;Zone de nettoyage dédiée aux produits à risque;Il existe une zone de nettoyage du matériel et équipements définie pour les produits à risque
Q374;majeur;Unidirectionnalité du flux vérifiée en qualification;Le poste à flux d'air unidirectionnel utilisé (horizontal ou vertical) distribue l'air dans une seule direction sur toute la surface à protéger, ce qui est vérifié lors de la qualification.
Q375;critique;Surpression permanente garantissant la protection aseptique;Une alimentation en air filtré maintient en permanence une pression positive pendant la préparation sous flux d'air unidirectionnel ce qui est vérifié lors de la qualification.
Q376;majeur;Alarme de dysfonctionnement du traitement d'air;Les dysfonctionnements du système de traitement d'air sont signalés par une alarme
Q377;majeur;Surveillance tracée des paramètres physiques;Une surveillance régulière des paramètres physiques (vitesse d'air, pression) est effectuée régulièrement et fait l'objet d'une traçabilité
Q378;majeur;Surveillance microbiologique tracée du poste;Une surveillance régulière des paramètres microbiologiques du poste est réalisée et fait l'objet d'une traçabilité
Q379;critique;PSM II/III obligatoire pour protéger le manipulateur;En cas de préparations portant un risque pour le personnel ou l'environnement, l'utilisation d'un poste de sécurité de type II ou III est utilisé
Q380;critique;Rejet extérieur de l'air contaminé par cytotoxiques;En cas de préparations portant un risque pour le personnel ou l'environnement, l'air extrait est rejété hors du bâtiment
Q381;critique;Ventilation continue indispensable au confinement;En cas de préparations portant un risque pour le personnel ou l'environnement, l'alimentation en air filtré est maintenu tout le temps de la préparation
Q382;majeur;Schéma aéraulique intégrant opérateur et environnement;Le schéma aéraulique des postes utilisés pour produits à risque tient compte à la fois du risque pour l'opérateur et pour l'environnement.
Q383;critique;Confinement des OGM en PSM II ou isolateur;En cas de manipulation à risque de dispersion d'OGM, celles-ci ont lieu dans un PSM type II ou d'un isolateur
Q384;critique;Confinement de la décongélation des OGM;La décongélation de médicaments OGM de classe de confinement > C1 ou C1, si les contenants nécessitent d’être ouverts, sont réalisées dans un PSM type II ou d'un isolateur
Q385;majeur;Stérilisation de contact validée et enregistrée des isolateurs;Les surfaces intérieures d'un isolateur subissent régulièrement une stérilisation de contact, selon un procédé et une fréquence validés et font l'objet d'un enregistrement
Q386;critique;Stérilisation de contact des entrées en isolateur;Tout objet introduit dans un isolateur est soumis à un procédé validé de stérilisation de contact (ou introduit via un dispositif double-porte à connexion étanche depuis un conditionnement stérile).
Q387;critique;Dispositifs stériles introduits via sas validé;Les dispositifs utilisés lors des préparations ou de leur contrôle sont stériles et sont introduits dans l'isolateur par un sas après un procédé validé de stérilisation de contact
Q388;majeur;Ventilation autonome filtrée HEPA de l'isolateur;Le système de ventilation des isolateurs est autonome, pourvu en amont et en aval de filtres HEPA
Q389;majeur;Qualification du gradient de pression de l'isolateur;Le gradient de pression (positif ou négatif) est qualifié selon les recommandations du fabriquant
Q390;critique;Étanchéité isolateur et gants garantit confinement et stérilité;L'étanchéité des isolateurs est régulièrement vérifiée et tracée, y compris gants et annexes
Q391;majeur;Fréquence de changement des gants définie;Les gants des isolateurs sont changés à rythme régulier selon une fréquence définie en fonction de l'activité
Q392;majeur;Environnement et pression des isolateurs conformes;Les isolateurs sont essentiellement en pression positive et sont placés au minimum dans une ZAC de classe D
Q393;majeur;Agent stérilisant obligatoire pour l'isolateur;L'agent stérilisant par contact de l'air et des surfaces de l'isolateur et de ses annexes est obligatoire
Q394;majeur;Validation biologique du procédé de stérilisation de contact;Le procédé de stérilisation de contact des surfaces à l'intérieur de l'isolateur est validé avec des charges représentative de l'activité à l'aide des indicateurs biologiques mentionnés au chapire 5.1.2 de la Pharmacopée Européenne
Q395;mineur;Justification du choix de pression en système clos;Pour les médicaments à risque manipulés en système clos, l'isolateur peut être placé en pression positive par rapport à l'environnement externe - ce choix est justifié.
Q396;majeur;Isolateur en dépression pour poudres dangereuses;Les préparations réalisée selon un procédé en système ouvert et utilisant une ou plusieurs MPUP pulvérulentes sont préférentiellement réalisées dans un isolateur en pression négative par rapport à l'environnement
Q397;mineur;Disponibilité du schéma aéraulique pour le PRP;Le pharmacien responsable des préparations dispose du schéma aéraulique qui tient compte du risque pour l'opérateur et pour l'environnement.
Q398;majeur;Précision et étalonnage des instruments de mesure;Les matériels, les instruments de mesure, de pesée, d’enregistrement et de contrôle présentent la précision nécessaire. Ils sont étalonnés selon la réglementation en vigueur.
Q399;majeur;Adéquation des équipements aux contrôles;Les équipements et le matériel (comme par exemple les balances, les pipettes, les caméras, les automates et d’une manière générale les instruments analytiques utilisés pour le contrôle qualité et les contrôles d’environnement) sont adaptés aux contrôles à réaliser.
Q400;majeur;Tests de non-régression des logiciels métier;Le versionning des logiciels métier est testé et il existe un cahier de test .
Q401;mineur;Sécurité informatique et sauvegarde portées par la DSI;La DSI porte la dynamique de sécurité et de maintenance du système informatique et des logiciels. Ils permettent la sauvegarde et l'archivage des données et le secret médical selon la législation en vigueur (loi RGPD).
Q402;mineur;Qualification de conception avant commande;La qualification de conception est systématiquement réalisée et documentée avant commande de tout nouvel équipement critique (et non après réception)
Q403;mineur;Partage du planning de maintenance avec le PRP;Le planning annuel de qualification/contrôle/maintenance des équipements et des installations est partagé avec le PRP
Q404;mineur;Statut à jour du planning de maintenance;Le planning annuel de qualification/contrôle/maintenance des équipements et des installations est accessible avec un statut à jour (fait/à faire/en retard) consultable à tout moment
Q405;mineur;Indicateur de réalisation du planning;Le planning annuel de qualification/contrôle/maintenance des équipements et des installations est suivi avec un taux de réalisation mesuré (échéances tenues vs reportées)
Q406.01;majeur;Planning couvrant traitement d'air et d'eau;"Le planning annuel de qualification/contrôle/maintenance des équipements et des installations concerne a minima … les systèmes de traitement d’air et d’eau (servant à la réalisation des préparations) ;"
Q406.02;majeur;Planning couvrant isolateurs, PSM, automates;Le planning annuel de qualification/contrôle/maintenance des équipements et des installations concerne a minima … les isolateurs, postes à flux d'air unidirectionnel, enceintes blindées, stérilisateurs, automates de préparation, pompes péristaltiques (selon la situation)
Q406.03;majeur;Planning couvrant balances et instruments de mesure;Le planning annuel de qualification/contrôle/maintenance des équipements et des installations concerne a minima … les balances et autres instruments de mesures, les systèmes de chauffage
Q406.04;majeur;Planning couvrant instruments de contrôle;Le planning annuel de qualification/contrôle/maintenance des équipements et des installations concerne a minima … les instruments de contrôles
Q407;majeur;Contrôles intermédiaires entre deux qualifications;Entre deux qualifications, un contrôle de paramètres clés est réalisé pour vérifier le maintien en bon état de fonctionnement de l'équipement
Q408.01;majeur;Qualification initiale des équipements;Les équipements et le matériel (comme par exemple les balances, les pipettes, les caméras, les automates et d’une manière générale les instruments analytiques utilisés pour le contrôle qualité et les contrôles d’environnement) sont : … qualifiés initialement
Q408.02;majeur;Requalification périodique des équipements;Les équipements et le matériel (comme par exemple les balances, les pipettes, les caméras, les automates et d’une manière générale les instruments analytiques utilisés pour le contrôle qualité et les contrôles d’environnement) sont : … requalifiés périodiquement
Q408.03;majeur;Entretien régulier des équipements;Les équipements et le matériel (comme par exemple les balances, les pipettes, les caméras, les automates et d’une manière générale les instruments analytiques utilisés pour le contrôle qualité et les contrôles d’environnement) sont : … entretenus régulièrement
Q409;mineur;Vérification de la verrerie de contrôle;La verrerie utilisée pour les opérations de contrôle est vérifiée propre et adaptée avant chaque usage.
Q410;majeur;Requalification annuelle de la ZAC;L'ensemble des équipements, locaux et zones de la ZAC est requalifié au moins une fois par an, avec des requalifications intermédiaires en cas de modification.
Q411;majeur;Qualification ZAC conforme aux normes;La qualification des équipements, locaux et zones de la ZAC est réalisée conformément aux textes, normes et référentiels en vigueur.
Q412;majeur;Fréquences de surveillance environnementale définies;Les fréquences des contrôles physiques et microbiologiques (air, surface) sont définies à l'issue de la qualification, en fonction de l'utilisation réelle et des anomalies déjà rencontrées (à défaut fréquence selon LD1 tableau 4)
Q413;majeur;Maintenance préventive planifiée et validée;La maintenance préventive régulière, planifiée et procédurée, validée le PRP, est réalisée sans affecter le fonctionnement des ZAC
Q414;majeur;Entretien du matériel d'analyse;L'équipement et le matériel d'analyse font l'objet d'un entretien permettant de maintenir leurs performances dans la durée.
Q415;mineur;Mobilité des appareils pour maintenance hors ZAC;Les matériels et appareils sont déplaçables hors ZAC, dans la mesure du possible, pour permettre leur entretien/réparation.
Q416;critique;Remise en propreté microbiologique avant reprise en ZAC;Lorsque l'entretien est réalisé en ZAC et que la propreté n'a pas pu être maintenue, un nettoyage/désinfection est réalisé jusqu'à obtention d'un niveau de propreté microbiologique adapté, avant toute réutilisation.
Q417;majeur;Matériel dédié aux produits à risque;Les matériels de préparation réutilisables utilisés pour la réalisation de préparations contenant des produits à risque sont identifiés et dédiés à cette activité
Q418;majeur;Matériel introduit en ZAC compatible classe et nettoyage;L'équipement métrologique, audiovisuel et informatique introduit en ZAC est limitant en émission de particules, à surface lisse et non poreuse, nettoyable et compatible avec les produits de nettoyage/stérilisation de contact.
Q419;mineur;Câblage compatible avec le bionettoyage;Le cablâge des appareils dans la ZAC est compatible avec le bionettoyage
Q420;mineur;Système de communication entre zones;Il existe un système de communication fonctionnel entre les zones
Q421;majeur;Traçabilité des opérations de nettoyage-désinfection;Il existe d'enregistrements relatifs aux opérations de nettoyage et désinfection (locaux ou des zones, équipement, appareils
Q422;majeur;Enregistrement date et opérateur du nettoyage;Pour chaque opération est portée mention de la date, de l'opérateur et/ou du nom de la societé en cas d’intervention extérieure.
Q423;majeur;Validation du désinfectant par le PRP;La solution désinfectante ainsi que son système de dispersion ou diffusion est validé par le PRP (efficacité, spectre d'action, absence de résidu).
Q424;mineur;Accessibilité rapide des résultats microbiologiques;Les résultats des contrôles microbiologiques sont disponibles et accessibles en moins de 5 min en cas de contrôle
Q425;majeur;Analyse régulière des résultats microbiologiques;L'analyse régulière des résultats des prélèvement microbiologiques des ZAC est effective
Q426;majeur;Nettoyage maintenu malgré stérilisation de contact;La stérilisation de contact ne se substitue pas au nettoyage/désinfection, qui reste systématiquement réalisé.
Q427;critique;Surveillance microbiologique en activité des opérations aseptiques;Les opérations aseptiques sont surveillées en activité par des contrôles microbiologiques adaptés, permettant de détecter tout niveau inhabituel de contamination.
Q428;majeur;Échantillonnage sans perturbation de la protection;Les méthodes d’échantillonnage utilisées en activité n’interférent avec la protection des zones.
Q429;majeur;Validité des milieux de culture préservée;Le procédé de stérilisation de contact ne modifie pas la qualité des milieux de culture utilisés.
Q430;majeur;Vérification tracée du fonctionnement des sas;Le bon fonctionnement des sas (et autres dispositifs de transfert) est vérifié lors des qualifications et après toute intervention sur le système & est tracé
Q431;critique;Intégrité des filtres HEPA vérifiée et tracée;Les essais de laminarité, vitesse, débit et intégrité des filtres sont tracés
Q432;critique;EPC présents et fonctionnels pour protéger le personnel;La présence physique et le bon fonctionnement des EPC adaptés sont vérifiés régulièrement pour chaque local concerné
Q433;critique;Confinement des poudres dangereuses non stériles;Les préparations pulvérulentes non stériles sont réalisées dans des enceintes ventilées aspirantes ou des isolateurs (ou boîtes à gants). L’environnement immédiat à cet équipement peut être non classé.
Q434;majeur;Changement sécurisé des filtres contaminés;Les filtres des EPC sont changés en limitant la contamination lors des opérations de maintenance (sac étanche par exemple)
Q435;majeur;Suivi et maintenance des filtres EPC;Les filtres des EPC (HEPA et/ou charbon) font l'objet d'un suivi et d'une maintenance
Q436;majeur;Surveillance particulaire au repos des zones;Au repos, la surveillance régulière des zones permettant de vérifier la qualité particulaire correspondant à leur classe est effective
Q437;majeur;Mise en quarantaine immédiate des produits;Les MPUP et les articles de conditionnement réceptionnés et les préparations terminées sont mis en quarantaine physiquement, et informatiquement le cas échéant, immédiatement après leur réception ou leur préparation.
Q438;majeur;Conservation de la qualité des MPUP et DM;Les MPUP et DM sont manipulés, transportés et stockés de manière à conserver leur qualité jusqu'à péremption
Q439;critique;Usage exclusif de MPUP et conditionnements libérés;Seuls des MPUP et des articles de conditionnement approuvés et libérés en vue de leur usage sont employés pour la préparation
Q440;majeur;Vérification L.5121-6 tracée par lot;La conformité à l'article L. 5121-6 est vérifiée et tracée individuellement pour chaque lot de MPUP reçu
Q441;majeur;Libération formalisée des articles de conditionnement;Les articles de conditionnement bénéficient du même circuit de contrôle (réception, conservation, libération) que les MPUP, avec un statut « libéré » formalisé avant utilisation.
Q442;majeur;Vérification propreté/stérilité du matériel avant usage;L'état de propreté (et de stérilité le cas échéant) des matériels est vérifié avant usage.
Q443;mineur;Conservation du matériel à l'abri humidité/poussière;Les matériels sont conservés à l'abri de l'humidité et de la poussière
Q444;majeur;Contrôle des rendements et bilans comparatifs;Pour les opérations de préparation ou de conditionnement où cela se justifie, les rendements sont contrôlés et des bilans comparatifs effectués pour assurer qu’il n’y a pas d’écarts supérieurs aux limites acceptables définies par les spécifications (cf. Annexe II partie 3).
Q445.01;majeur;Étiquetage des produits à réception;Les MPUP, les articles de conditionnement et les préparations terminées ou non sont clairement étiquetés à chaque étape de la préparation … réception
Q445.02;majeur;Étiquetage en attente de contrôle;Les MPUP, les articles de conditionnement et les préparations terminées ou non sont clairement étiquetés à chaque étape de la préparation … stockage prépation en attente de contrôle
Q445.03;majeur;Étiquetage en attente de libération;Les MPUP, les articles de conditionnement et les préparations terminées ou non sont clairement étiquetés à chaque étape de la préparation … stockage prépation en attente de libération
Q445.04;majeur;Étiquetage en attente de dispensation;Les MPUP, les articles de conditionnement et les préparations terminées ou non sont clairement étiquetés à chaque étape de la préparation … stockage préparations en attente de dispensation
Q445.05;majeur;Étiquetage des produits en quarantaine;Les MPUP, les articles de conditionnement et les préparations terminées ou non sont clairement étiquetés à chaque étape de la préparation … quarantaine dédiée et identifiée pour les MPUP, DMS ou préparations terminées en quarantaine, refusés, retournés ou rappelés
Q446;critique;Prévention des contaminations croisées entre préparations;Toutes les mesures techniques et organisationnelles nécessaires sont prises pour éviter les contaminations croisées.
Q447;majeur;Validation des procédés de préparation;Les procédés de préparation sont validées et peuvent faire appel à des contrôles d'environnement adaptés
Q448;mineur;Réexamen périodique des validations;Les validations sont réexaminées à intervalles définis pour vérifier qu'elles restent valables, avec revalidation complète en cas d'accumulation de modifications mineures.
Q449;mineur;Définition des composants comme MPUP;Tous les composants d'une préparation (la ou les substances actives, le ou les excipients et les éléments de mise en forme pharmaceutique comme les gélules vides) sont considérés comme MPUP
Q450;majeur;MPUP de qualité pharmaceutique;Les MPUP cédées à la pharmacie sont à usage pharmaceutique
Q451;majeur;Enregistrement de la conformité des certificats d'analyse;La vérification de la conformité du certificat d'analyse des MPUP est enregistrée
Q452;majeur;Conservation des MPUP en récipient d'origine;Les MPUP sont conservées dans leur récipient d'origine
Q453;majeur;Transvasement étiqueté sans mélange de lots;En cas de transvasement exceptionnel, le récipient de destination est équivalent, propre et étiqueté (lot, péremption, fabricant), et le mélange de lots est exclu.
Q454;majeur;Traçabilité ouverture et péremption après ouverture;La date d'ouverture et de péremption après ouverture de la MPUP sont consignées sur le conditionnement primaire
Q455;critique;Qualité microbiologique et endotoxines des MPUP stériles;"Les MPUP utilisées sont préférentiellement des spécialités pharmaceutiques stériles ; à défaut, leur conformité à la Pharmacopée (contamination microbiologique initiale, endotoxines) est vérifiée et documentée."
Q456;critique;Contamination initiale maîtrisée des MPUP non stériles;Pour les préparations à partir de MPUP non stériles, le niveau de contamination initiale est évalué et démontré minimal avant utilisation.
Q457;critique;Conditionnement primaire stérile et apyrogène;Les articles de conditionnement primaire utilisés sont stériles, apyrogènes, et adaptés à leur usage.
Q458;critique;Stérilisation du matériel non stérile utilisé;Lorsqu'un matériel non stérile est utilisé pour une préparation stérile, un procédé de stérilisation est adapté est appliqué
Q459;majeur;Vide de ligne et nettoyage vérifiés avant préparation;Les opérations de vide de ligne et de nettoyage des équipements et locaux sont tracées et vérifiées avant toute opération de préparation (type check list)
Q460;majeur;Conformité environnementale vérifiée avant manipulation;La conformité des contrôles de l'environnement avant manipulation puis conditionnement est vérifiée et tracée (type check list)
Q461.01;majeur;Collecteur pour déchets cytotoxiques concentrés;Un/des dispositif(s) de récupération des déchets, correctement identifié, prêt à l'utilisation, est mis à disposition dans la zone de préparation … pour les déchets concentrés
Q461.02;majeur;Collecteur pour déchets cytotoxiques dilués;Un/des dispositif(s) de récupération des déchets, correctement identifié, prêt à l'utilisation, est mis à disposition dans la zone de préparation … pour les déchets dilués et le matériel utilisé en contact avec un cytotoxique
Q461.03;mineur;Collecteur pour déchets assimilés ordures ménagères;Un/des dispositif(s) de récupération des déchets, correctement identifié, prêt à l'utilisation, est mis à disposition dans la zone de préparation … pour les DAOM
Q462;majeur;Rassemblement préalable des éléments de préparation;L'opérateur rassemble systématiquement, avant de débuter, l'ensemble des MPUP, articles de conditionnement, matériels et documents valides nécessaires à la préparation.
Q463.01;critique;Vérification de la dénomination évitant l'erreur de produit;L'opérateur vérifie systématiquement, avant de débuter, les MPUP et le matériel … Dénomination (DCI ou non commercial)
Q463.02;critique;Vérification du dosage évitant l'erreur de dose;L'opérateur vérifie systématiquement, avant de débuter, les MPUP et le matériel … Dosage
Q463.03;majeur;Vérification de la forme pharmaceutique;L'opérateur vérifie systématiquement, avant de débuter, les MPUP et le matériel … Forme pharmaceutique
Q463.04;majeur;Vérification du lot pour traçabilité;L'opérateur vérifie systématiquement, avant de débuter, les MPUP et le matériel … Lot
Q463.05;majeur;Vérification de la péremption;L'opérateur vérifie systématiquement, avant de débuter, les MPUP et le matériel … Péremption
Q463.06;majeur;Vérification des caractères organoleptiques;L'opérateur vérifie systématiquement, avant de débuter, les MPUP et le matériel … Qualités organoleptiques
Q463.06.01;majeur;Contrôle de limpidité des solutions;Limpidité en cas de solution
Q463.06.02;majeur;Absence de particules ou précipité;Absence de particule ou de précipité visible en cas de solution
Q463.06.03;majeur;Absence de changement de coloration;Absence de changement de coloration
Q463.06.04;mineur;Absence de déphasage des émulsions;Absence de déphasage en cas d'émulsion
Q463.06.05;mineur;État physique des poudres;Etat physique des poudres
Q463.07;critique;Intégrité des emballages stériles avant usage;L'opérateur vérifie systématiquement, avant de débuter, les MPUP et le matériel … Intégrité des emballages pour les produits stériles
Q463.08;majeur;Péremption de stérilité des emballages;L'opérateur vérifie systématiquement, avant de débuter, les MPUP et le matériel … Date de péremption de la stérilité des emballages
Q463.09;majeur;Vérification identité et péremption des reliquats;L'opérateur vérifie systématiquement, avant de débuter, les MPUP et le matériel … Reliquats (le cas échéant) : dénomination, dosage, forme pharmaceutique, lot, péremption
Q464;majeur;Portée et sensibilité adaptées des balances;Le matériel de pesée/mesure de volume utilisé a une portée et une sensibilité adaptées aux masses/volumes réellement mesurés.
Q465;critique;Double contrôle identité et quantité des MPUP;L'identité et la quantité (masse/volume) de chaque MPUP sont vérifiées (double contrôle ou autre dispositif d'enregistrement automatique validé), et cette vérification est tracée dans le dossier de lot au moment de l'utilisation de la MPUP.
Q466;majeur;Pesée sans altération ni contamination;La pesée/mesure des MPUP est réalisée sans altérer leurs qualités physico-chimiques/microbiologiques ni leur stérilité, et sans créer de risque de contamination de l'environnement.
Q467;mineur;Délai réduit entre mesure et préparation;Le délai entre la mesure des quantités/volumes et la réalisation de la préparation est réduit au minimum afin de ne pas porter atteinte à l'intégrité du produit.
Q468;critique;Respect strict de la composition prescrite;La préparation est réalisée en stricte conformité avec les instructions du dossier de préparation (composition qualitative et quantitative détaillée).
Q469;mineur;Choix justifié du diluant des formes orales;Pour les préparations orales pulvérulentes à partir d'une spécialité autorisée, l'excipient majoritaire de la formulation est privilégié comme diluant, avec une justification en cas d'écart.
Q470;majeur;Continuité de la préparation et identification intermédiaire;"La préparation est réalisée en continu jusqu'à son terme, sans conservation à un stade intermédiaire sauf justification technique documentée ; le cas échéant, le conditionnement intermédiaire est étiqueté de façon à permettre son identification précise."
Q471;critique;Identification immédiate des contenants évitant les confusions;L'identification des contenant est apposée dès la fin du remplissage/fermeture des récipients (ou selon une méthode garantissant une sécurité équivalente), afin d'éviter toute confusion (par exemple : préparation en cours, préparation en attente de contrôle).
Q472;majeur;Destruction réglementaire tracée des résidus;Les résidus restant après préparation sont détruits conformément à la réglementation en vigueur, avec traçabilité de la destruction
Q473;majeur;Opérations de conditionnement enregistrées;Les opérations de conditionnementles sont respectées et enregistrées dans le dossier de préparation
Q474;majeur;Vérification des articles de conditionnement;L'identité et l'état de propreté des articles de conditionnement sont vérifiés avant leur utilisation.
Q475;majeur;Bilan comparatif et destruction des pré-imprimés;Un bilan comparatif est réalisé en fin de conditionnement, avec destruction tracée de l'excédent d'articles pré-imprimés le cas échéant.
Q476;mineur;Délai préparation-conditionnement minimal;L’intervalle de temps entre le début de la préparation et le conditionnement est le plus court possible
Q477;majeur;Conditionnement primaire étanche;Les préparations sont placées dans un conditionnement primaire étanche
Q478;majeur;Vérification de la fermeture du conditionnement;La fermeture du conditionnement primaire est vérifiée
Q479;majeur;Transport sécurisé et conforme;Le transport est sécurisé (contenant étanches, maintien de la t°…) et conforme à la réglementation en vigueur
Q480;majeur;Intégrité de la préparation pendant l'acheminement;Le conditionnement (et l'emballage extérieur le cas échéant) garantit l'intégrité de la préparation pendant l'acheminement, dans le respect des conditions de conservation définies au dossier de préparation.
Q481;majeur;Respect des conditions de conservation au transport;L'acheminement hors du site de production est réalisé en tenant compte des conditions de conservation telles que définies dans le dossier de préparation
Q482;critique;Exclusion des retours patients de la réattribution;Les préparations retournées directement par les patients sont exclues de la réattribution.
Q483;majeur;Réattribution sur nouvelle prescription;La réattribution s'appuie sur une nouvelle prescription.
Q484;majeur;Gestion et traçabilité spécifique de la réattribution;La réattribution nécessite la mise en place d’une gestion et d’une traçabilité spécifique des préparations concernées.
Q485;majeur;Documentation de la réattribution au dossier de lot;La réattribution est documentée dans le ou les dossiers de lot des préparations correspondantes.
Q486;majeur;Vérification de la chaîne de conservation avant réattribution;Pour les préparations à conditions de conservation particulières l'absence de rupture de la chaîne de conservation est vérifiée et tracée avant réattribution.
Q487;critique;Ré-étiquetage patient de la préparation réattribuée;La réattribution des préparations fait l'objet d'un ré-etiquettage
Q488;majeur;Contrôle enregistré du ré-étiquetage;Le ré-etiquettage d'une préparation réattribuée fait l'objet d'un contrôle et est enregistré dans le dossier de lot
Q489;majeur;Enregistrement de la réattribution;La réattribution des préparations fait l'objet d'un enregistrement
Q490;majeur;Évaluation des contrôles supplémentaires avant réattribution;La nécessité de contrôles supplémentaires avant réattribution est évaluée par la personne responsable du contrôle (et le cas échéant de la préparation).
Q491;critique;Libération pharmaceutique de la préparation réattribuée;La décision de libération d'une préparation réattribuée est prise par la personne habilitée après examen de tous les documents pertinents, et enregistrée dans le dossier de lot.
Q492.01;majeur;Contrôle qualité des MPUP et conditionnements;Le contrôle de la qualité pharmaceutique mis en œuvre pour déterminer la conformité aux caractéristiques attendues et prendre une décision d’acceptation ou de refus s'applique à chaque … MPUP et articles de conditionnement
Q492.02;majeur;Contrôle des préparations en cours;Le contrôle de la qualité pharmaceutique mis en œuvre pour déterminer la conformité aux caractéristiques attendues et prendre une décision d’acceptation ou de refus s'applique à chaque … préparations en cours de réalisation
Q492.03;majeur;Contrôle des préparations intermédiaires;Le contrôle de la qualité pharmaceutique mis en œuvre pour déterminer la conformité aux caractéristiques attendues et prendre une décision d’acceptation ou de refus s'applique à chaque … préparations utilisées pour la réalisation d’autres préparations
Q492.04;critique;Contrôle des préparations terminées avant libération;Le contrôle de la qualité pharmaceutique mis en œuvre pour déterminer la conformité aux caractéristiques attendues et prendre une décision d’acceptation ou de refus s'applique à chaque … préparations terminées
Q493.01;majeur;Échantillonnage défini pour le contrôle;Le contrôle de la qualité concerne … l'échantillonnage (MPUP, articles de conditionnement, poche mère sur certains robots, préparations terminées
Q493.02;majeur;Spécifications et contrôles définis;Le contrôle de la qualité concerne … les spécifications et le contrôle
Q493.03;majeur;Procédures de libération établies;Le contrôle de la qualité concerne … l’organisation, l’établissement des documents et des procédures de libération
Q494.01;majeur;Contrôle à réception mis en œuvre et tracé;Chacune des étapes du cycle de contrôle est effectivement mise en œuvre et tracée … réception des MPUP, articles de conditionnements, préparations sous-traitées,…
Q494.02;majeur;Contrôle en cours de préparation tracé;Chacune des étapes du cycle de contrôle est effectivement mise en œuvre et tracée … contrôle en cours de préparation
Q494.03;critique;Contrôle des préparations terminées tracé;Chacune des étapes du cycle de contrôle est effectivement mise en œuvre et tracée … contrôle des préparations pharmaceutiques terminées
Q494.04;critique;Contrôle libératoire effectif et tracé;Chacune des étapes du cycle de contrôle est effectivement mise en œuvre et tracée … contrôle libératoires
Q494.05;mineur;Contrôles de stabilité le cas échéant;Chacune des étapes du cycle de contrôle est effectivement mise en œuvre et tracée … contrôle de stabilité des préparation et d'absence d'interactions contenant/contenu (le cas échéant)
Q495;critique;Libération uniquement des produits conformes;Ne sont libérées que les MPUP (préparations particulières type ONC21), les articles de conditionnement, les produits intermédiaires, les préparations utilisées pour la réalisation d’autres préparations et les préparations terminées ayant été vérifiés et conformes aux spécifications requises
Q496;majeur;Nature des contrôles définie par préparation;La nature des contrôles à effectuer est définie pour chaque préparation
Q497;majeur;Contrôles justifiés par analyse de risque;Les contrôles sont justifiés par l'analyse de risque réalisée pour chaque préparation (cf. annexe BPP)
Q498.01;majeur;Contrôles de recevabilité documentaire définis;L'éventail des contrôles mobilisables est défini par type de préparation, avec une justification du choix retenu dans chaque cas : … contrôles de recevabilité documentaire (MPUP, réactifs, étalons de référence…)
Q498.02;majeur;Contrôles physico-chimiques définis;L'éventail des contrôles mobilisables est défini par type de préparation, avec une justification du choix retenu dans chaque cas : … contrôles physico-chimiques
Q498.03;majeur;Contrôles pharmacotechniques définis;L'éventail des contrôles mobilisables est défini par type de préparation, avec une justification du choix retenu dans chaque cas : … contrôles pharmacotechniques
Q498.04;majeur;Contrôles microbiologiques définis;L'éventail des contrôles mobilisables est défini par type de préparation, avec une justification du choix retenu dans chaque cas : … contrôles microbiologiques
Q498.05;mineur;Contrôles de radioactivité le cas échéant;L'éventail des contrôles mobilisables est défini par type de préparation, avec une justification du choix retenu dans chaque cas : … contrôles de radioactivité le cas échéant
Q498.06;majeur;Contrôles de l'environnement définis;L'éventail des contrôles mobilisables est défini par type de préparation, avec une justification du choix retenu dans chaque cas : … contrôles de l’environnement (air, surfaces, eau)
Q498.07;mineur;Autres contrôles éventuels;L'éventail des contrôles mobilisables est défini par type de préparation, avec une justification du choix retenu dans chaque cas : … tous autres contrôles jugés nécessaires
Q499;majeur;Analyse et actions correctives des non-conformités;En cas de non-conformité par rapport aux spécifications requises des réclamations et analyses sont effectuées pour prendre des mesures correctrices adaptées (le cas échéant)
Q500;mineur;Accès aux pharmacopées à jour;La pharmacie dispose d'accès à la dernière version de : 'Pharmacopée Européenne (référentiel officiel) et/ou Pharmacopée Française, dont le Formulaire National (référentiel officiel) et ou Pharmacopées des autres états membres de l'UE et ou Pharmacopées d'états hors UE et ou en l'absence de référentiel disponible : méthodes internes et/ou méthodes fournisseurs et/ou méthodes décrites dans la littérature
Q501;majeur;Mise en œuvre documentée des méthodes officielles;Les méthodes analytiques issues de référentiels officiels font l'objet d'une phase de mise en œuvre technique documentée au sein de l'établissement avant utilisation en routine.
Q502;majeur;Validation des méthodes de contrôle internes;Les méthodes de contrôle non officielles sont validées selon un référentiel reconnu (ex. ICH Q2), avec un dossier de validation disponible.
Q503;mineur;Référentiels normatifs des contrôles d'environnement;Les contrôles d'environnement s'appuient sur des référentiels adaptés et identifiés (normes ISO NF ISO 14644 et NF ISO 14698, recommandations spécifiques).
Q504;mineur;Mention de la sous-traitance au dossier;En cas de sous-traitance des contrôles, ce recours est mentionné dans le dossier de préparation
Q505;majeur;Convention de sous-traitance des contrôles;Il existe une convention de sous-traitance des contrôles
Q506;majeur;Périmètre exhaustif du contrôle;Le périmètre du contrôle couvre systématiquement la/les substance(s) active(s), le/les excipient(s), le/les produit(s) intermédiaire(s), la préparation terminée et les articles de conditionnement.
Q507;majeur;Indépendance entre contrôle et préparation;L'organisation garantit une indépendance effective entre l'activité de contrôle et l'activité de préparation
Q508;critique;Contrôle indépendant de la préparation, prévient erreurs de dose;Sauf exception justifiée et documentée, le contrôle est systématiquement réalisé par une personne différente de celle ayant réalisé la préparation.
Q509;majeur;Contrôles analytiques fiables via étalons de référence;Les contrôles analytiques se font à l'aide d'étalons de références
Q510;majeur;Qualification des étalons de référence;"Les étalons primaires qualifiés et certifiés sont utilisés en priorité ; les étalons secondaires éventuellement utilisés sont qualifiés par rapport à un étalon primaire officiel."
Q511;mineur;Redondant avec exigence de qualification des étalons;Des étalons secondaires sont éventuellement utilisés s'ils sont qualifiés par rapport à un étalon primaire officiel.
Q512;mineur;Dossier documentaire de l'étalon primaire;Chaque étalon de référence dispose d'un dossier comportant son certificat d'origine (étalon primaire)
Q513;mineur;Dossier documentaire de l'étalon secondaire;Chaque étalon secondaire dispose d'un dossier comportant les comptes rendus d'analyse d'étalonnage (étalon secondaire).
Q514.01;mineur;Mention opérateur sur fiche de réactif;La réalisation d'une solution titrée et de chaque réactif est associée à une fiche comportant : … identification de l'opérateur ayant réalisé l'opération
Q514.02;mineur;Mention date sur fiche de réactif;La réalisation d'une solution titrée et de chaque réactif est associée à une fiche comportant : … la date de la réalisation
Q514.03;majeur;Traçabilité des quantités des solutions titrées;La réalisation d'une solution titrée et de chaque réactif est associée à une fiche comportant : … les quantités/volumes exacts mis en œuvre
Q514.04;majeur;Validité des réactifs de contrôle;La réalisation d'une solution titrée et de chaque réactif est associée à une fiche comportant : … date limite de validité
Q514.05;mineur;Forme de l'étiquetage des réactifs;La réalisation d'une solution titrée et de chaque réactif est associée à une fiche comportant : … étiquetage conforme
Q515;mineur;Forme de la documentation du contrôle qualité;La documentation du contrôle de la qualité suit les principes énoncés au chapitre 4
Q516;mineur;Accessibilité/conservation des certificats d'analyse;Les rapports ou certificats d'analyse avec les résultats sont conservés et accessibles
Q517;mineur;Accessibilité des rapports de validation;Les rapports ou certificats de validation des méthodes de contrôle sont accessibles à tout moment
Q518;mineur;Accessibilité des enregistrements d'équipements;Les enregistrements concernant l'étalonnage, la qualification et la maintenance des équipements de contrôle sont accesibles
Q519;mineur;Accessibilité des enregistrements environnementaux;Les enregistrements des résultats des contrôles de l'environnement sont accessibles
Q520;mineur;Report du numéro d'enregistrement sur conditionnement;Le numéro d'enregistrement à réception de la MPUP est reporté sur le conditionnement primaire.
Q521;majeur;Gestion individuelle des lots de MPUP;En cas de réception de plusieurs lots, ceux-ci sont considérés individuellement pour l’enregistrement, l’échantillonnage, le contrôle et l’acceptation.
Q522;majeur;Acceptation pharmaceutique des MPUP à réception;La décision d'acceptation des MPUP et des articles de contionnement est faite par un pharmacien et enregistré sur le registre manuscrit ou informatisé d'entrée des MPUP
Q523;majeur;Statut de la MPUP identifiable sur récipient;Le statut de la MPUP (acceptation) est reporté sur l’étiquetage du récipient en contact avec la MPUP.
Q524;mineur;Enregistrement formel du refus;La décision d'un refus par le pharmacien subit le même traitement qu'une mention d'acceptation
Q525;mineur;Modalités de renvoi/destruction des refus;En cas de refus de la réception, la procédure prévoit un renvoi au fournisseur dans les plus brefs délais ou une destruction après autorisation du fournisseur, avec génération d'un certificat de destruction
Q526;majeur;Isolement des produits refusés, risque de confusion;Les produits refusés sont stockés dans l'intervalle dans une zone isolée avec étiquette « produit refusé ».
Q527;majeur;Source d'approvisionnement oriente le niveau de contrôle;La source d'approvisionnement des MPUP est prise en compte comme un des paramètres critiques pour orienter le niveau de contrôle
Q528;majeur;Catégorisation des MPUP et contrôles associés;Les MPUP sont répertoriées en 3 catégories selon leur provenance et leurs caractéristiques, et les contrôles à réaliser sont définis pour chaque catégorie
Q529;majeur;Vérification des critères de 1re catégorie;Pour les MPUP éligibles à la 1ère catégorie, l'ensemble des critères requis (établissement autorisé/déclaré, certificat BPP, système d'inviolabilité, certificat d'analyse du lot) est vérifié et documenté.
Q530.01;majeur;Vérification de recevabilité des MPUP;Pour les MPUP éligibles à la 1ère catégorie, la vérification de recevabilité réalisée pour chaque réception consiste en … la vérification de la concordance entre la commande et le produit reçu muni de son système d’inviolabilité
Q530.02;majeur;Vérification de recevabilité des MPUP;Pour les MPUP éligibles à la 1ère catégorie, la vérification de recevabilité réalisée pour chaque réception consiste en … la vérification de la présence d’un certificat d’analyse du lot et de sa conformité
Q530.03;majeur;Vérification de recevabilité des MPUP;Pour les MPUP éligibles à la 1ère catégorie, la vérification de recevabilité réalisée pour chaque réception consiste en … l'adéquation entre la dénomination, le numéro de lot et la date de péremption figurant sur le conditionnement de la MPUP et ceux figurant sur le certificat d’analyse
Q530.04;majeur;Vérification de recevabilité des MPUP;Pour les MPUP éligibles à la 1ère catégorie, la vérification de recevabilité réalisée pour chaque réception consiste en … la vérification de la présence d’une date de péremption sur le conditionnement
Q531;majeur;Traçabilité de la vérification de recevabilité;La traçabilité de cette vérification est assurée.
Q532;mineur;Application correcte de l'exemption d'échantillothèque;L'absence d'obligation d'échantillothèque pour les MPUP de 1ère catégorie est correctement appliquée (ni excès ni omission par rapport aux autres catégories).
Q533;majeur;Justification de l'usage d'une spécialité comme MPUP;Lorsqu'une spécialité pharmaceutique disposant d'une AMM/autorisation d'importation est utilisée comme MPUP (2ème catégorie), l'absence de contrôle « matière première » exigé est cohérente avec l'absence de MPUP adaptée disponible.
Q534;majeur;Évaluation d'impact du déconditionnement;Le déconditionnement d'une spécialité utilisée comme MPUP fait systématiquement l'objet d'une évaluation de l'impact sur la qualité, la stabilité, la sécurité et l'efficacité de la préparation (cf. Annexe IV).
Q535;critique;Absence de contrôle libératoire de la préparation;Un contrôle de la préparation pharmaceutique est réalisé, même sur une préparation à base d'une spécialité pharmaceutique
Q536;mineur;Application correcte de l'exemption d'échantillothèque;L'absence d'obligation d'échantillothèque pour LES MPUP de 2ème catégorie est correctement appliquée.
Q537;majeur;Contrôle complet des MPUP de 3e catégorie;Pour les MPUP de 3ème catégorie, le contrôle complet requis (au-delà des points de recevabilité) est systématiquement réalisé et documenté.
Q538.01;majeur;Déclenchement du contrôle complet des MPUP;En l'absence d'au moins un des éléments de recevabilité listés, un contrôle complet est déclenché systématiquement sur la MPUP concernée. … les contenants disposent d’un système d’inviolabilité
Q538.02;majeur;Déclenchement du contrôle complet des MPUP;En l'absence d'au moins un des éléments de recevabilité listés, un contrôle complet est déclenché systématiquement sur la MPUP concernée. … les MPUP disposent d’un certificat d’analyse du lot correspondant
Q538.03;majeur;Déclenchement du contrôle complet des MPUP;En l'absence d'au moins un des éléments de recevabilité listés, un contrôle complet est déclenché systématiquement sur la MPUP concernée. … les contenants disposent d’une date de péremption ou d’une date de re-contrôle
Q538.04;majeur;Déclenchement du contrôle complet des MPUP;En l'absence d'au moins un des éléments de recevabilité listés, un contrôle complet est déclenché systématiquement sur la MPUP concernée. … les substances actives disposent d’un certificat de conformité aux Bonnes Pratiques de Fabrication (BPF)
Q539;majeur;Conformité Pharmacopée des MPUP;Le contrôle complet consiste à s’assurer de la conformité de la MPUP aux exigences de la Pharmacopée.
Q540;majeur;Contrôles complémentaires sans référentiel;Le cas échéant, des contrôles physico-chimiques, des études toxicologiques ou microbiennes sont mise en œuvre en l'absence de référentiel disponible
Q541;majeur;Échantillothèque des MPUP de 3e catégorie;Une échantillothèque est constituée pour les MPUP de 3ème catégorie.
Q542;majeur;Conformité à la monographie, choix fournisseur;Pour les MPUP décrites à la Pharmacopée, la conformité à la monographie est démontrée, et la présence d'un certificat CEP est recherchée et valorisée dans le choix du fournisseur.
Q543;majeur;Péremption des MPUP vérifiée à chaque préparation;La date de péremption ou de re-contrôle figure sur chaque conditionnement primaire de MPUP, et cette présence est vérifiée à chaque préparation.
Q544;majeur;Refus des MPUP sans date de péremption;En l'absence de date de péremption/re-contrôle indiquée par le fabricant/fournisseur, le conditionnement est systématiquement refusé.
Q545;majeur;Re-contrôle complet des MPUP;En cas de re-contrôle, celui-ci correspond à un contrôle complet tel que défini au point 6.48.
Q546;majeur;Dates d'ouverture et fin d'utilisation des MPUP;Les dates d'ouverture et de fin d'utilisation communiquées par le fournisseur sont clairement reportées sur le conditionnement de la MPUP.
Q547.01;majeur;Recevabilité des articles de conditionnement;La vérification de recevabilité des articles de conditionnement suit une procédure formalisée équivalente à celle des MPUP à savoir … vérification de la concordance des produits réceptionnés par rapport à la commande
Q547.02;majeur;Recevabilité des articles de conditionnement;La vérification de recevabilité des articles de conditionnement suit une procédure formalisée équivalente à celle des MPUP à savoir … vérification de l’intégrité de l’emballage et du conditionnement primaire
Q547.03;majeur;Recevabilité des articles de conditionnement;La vérification de recevabilité des articles de conditionnement suit une procédure formalisée équivalente à celle des MPUP à savoir … vérification, le cas échéant, de la présence d’un certificat d’analyse de conformité à la Pharmacopée, et/ou de spécifications internes (stérilité, certificat de stérilisation …)
Q547.04;mineur;Vérification du marquage CE des articles;La vérification de recevabilité des articles de conditionnement suit une procédure formalisée équivalente à celle des MPUP à savoir … vérification, le cas échéant, du marquage CE
Q548.01;majeur;Contrôle des paramètres critiques et intermédiaires;Le contrôle des préparations pharmaceutiques terminées comprennent le … contrôle des paramètres critiques du procédé de préparation nécessitant éventuellement des contrôles intermédiaires
Q548.02;majeur;Contrôle pharmacotechnique de la préparation;Le contrôle des préparations pharmaceutiques terminées comprennent le … contrôle des aspects pharmacotechniques
Q548.03;critique;Dosage non vérifié : risque d'erreur de dose;Le contrôle des préparations pharmaceutiques terminées comprennent le … contrôle des aspects physico-chimiques (couleur, précipité, dosages qualitatifs et quantitatifs)
Q548.04;critique;Stérilité non contrôlée : risque infectieux patient;Le contrôle des préparations pharmaceutiques terminées comprennent le … contrôle des aspects microbiologiques (prélèvements) ==> essai de stérilité le cas échéant
Q548.05;majeur;Contrôle des enregistrements de lot;Le contrôle des préparations pharmaceutiques terminées comprennent le … contrôle des enregistrements
Q548.06;critique;Étiquetage non contrôlé : erreur patient/produit;Le contrôle des préparations pharmaceutiques terminées comprennent le … contrôle de l'étiquetage
Q548.07;critique;Concordance prescription/étiquette : erreur patient ou dose;Le contrôle des préparations pharmaceutiques terminées comprennent le … contrôle de l'adéquation entre la prescription et l'étiquetage de la préparation terminée
Q549.01;critique;Double contrôle des paramètres critiques du procédé;Les éléments critiques de la préparation contrôlés par double-contrôle par une tierce personne (a minima), ou intelligence artificielle, ou autres contrôles concernent … les paramètres critiques du procédé de préparation nécessitant éventuellement des contrôles intermédiaires
Q549.02;majeur;Double contrôle des aspects pharmacotechniques;Les éléments critiques de la préparation contrôlés par double-contrôle par une tierce personne (a minima), ou intelligence artificielle, ou autres contrôles concernent … les aspects pharmacotechniques
Q549.03;majeur;Double contrôle des aspects physico-chimiques;Les éléments critiques de la préparation contrôlés par double-contrôle par une tierce personne (a minima), ou intelligence artificielle, ou autres contrôles concernent … les aspects physico-chimiques
Q549.04;majeur;Double contrôle des aspects microbiologiques;Les éléments critiques de la préparation contrôlés par double-contrôle par une tierce personne (a minima), ou intelligence artificielle, ou autres contrôles concernent … les aspects microbiologiques, le cas échéant
Q549.05;majeur;Double contrôle des enregistrements;Les éléments critiques de la préparation contrôlés par double-contrôle par une tierce personne (a minima), ou intelligence artificielle, ou autres contrôles concernent … les systèmes d’enregistrement (chromatogrammes, vidéo…)
Q549.06;critique;Double contrôle de l'étiquetage : erreur patient;Les éléments critiques de la préparation contrôlés par double-contrôle par une tierce personne (a minima), ou intelligence artificielle, ou autres contrôles concernent … la conformité de l’étiquetage
Q549.07;critique;Double contrôle prescription/étiquetage : erreur patient/dose;Les éléments critiques de la préparation contrôlés par double-contrôle par une tierce personne (a minima), ou intelligence artificielle, ou autres contrôles concernent … l’adéquation entre la prescription et l’étiquetage de la préparation terminée
Q550.01;critique;Identité patient non vérifiée : erreur de patient;Les contrôles réalisés sont conformes aux procédures et modes opératoires, et listés pour chaque préparation dans l'Annexe II partie 3 du dossier de préparation … Identité du patient (correspondance prescription / fiche de fabrication)
Q550.02;critique;Vérification produit utilisé : erreur de produit/dose;Les contrôles réalisés sont conformes aux procédures et modes opératoires, et listés pour chaque préparation dans l'Annexe II partie 3 du dossier de préparation … MPUP et Solvants
Q550.02.01;critique;Erreur de molécule possible;> DCI ou nom commercial
Q550.02.02;majeur;Vérification de la forme pharmaceutique;> Forme pharmaceutique
Q550.02.03;critique;Erreur de dosage/concentration possible;> Dosage ou concentration
Q550.02.04;majeur;Traçabilité du lot utilisé;> Lot
Q550.02.05;majeur;Vérification de la péremption des produits;> Péremption
Q550.03;critique;Volumes non vérifiés : erreur de dose;Les contrôles réalisés sont conformes aux procédures et modes opératoires, et listés pour chaque préparation dans l'Annexe II partie 3 du dossier de préparation … Volumes
Q550.03.01;majeur;Vérification du volume retiré;> à retirer
Q550.03.02;critique;Volume prélevé non vérifié : erreur de dose;> à prélever
Q550.03.03;critique;Volume injecté non vérifié : erreur de dose;> à injecter
Q550.04;majeur;Vérification du matériel utilisé;Les contrôles réalisés sont conformes aux procédures et modes opératoires, et listés pour chaque préparation dans l'Annexe II partie 3 du dossier de préparation … Matériel utilisé
Q550.05;critique;Étiquetage non concordant prescription : erreur patient;Les contrôles réalisés sont conformes aux procédures et modes opératoires, et listés pour chaque préparation dans l'Annexe II partie 3 du dossier de préparation … Etiquetage (correspondance avec la prescription)
Q551;majeur;Stratégie de contrôle adaptée à la préparation;Les contrôles effectués tiennent compte des critères suivants :
Q551.01;mineur;Critère de choix des contrôles, détail;type de préparation (extemporanée et/ou pouvant être stockée)
Q551.02;mineur;Critère de choix des contrôles, détail;destination de la préparation ou du lot de préparation : préparation destinée à un seul patient ou lot destiné à plusieurs patients
Q551.03;mineur;Critère de choix des contrôles, détail;forme pharmaceutique
Q551.04;majeur;Classification par risque guidant les contrôles;classification de la préparation au regard de l’Annexe III ou de l’une analyse de risque formalisée
Q551.05;mineur;Critère de choix des contrôles, détail;type d'opération pharmaceutique nécessaire à la à la réalisation de la préparation
Q551.06;mineur;Critère de choix des contrôles, détail;nombre d'unité préparée
Q551.07;mineur;Critère de choix des contrôles, détail;type d'opération d contrôle réalisé (destructif ou non)
Q551.08;mineur;Critère de choix des contrôles, détail redondant;caractère destructif ou non des opérations de contrôle.
Q552;majeur;Uniformité de masse des formes unitaires;La réalisation d'une uniformité de masse est réalisée selon les normes de la Pharmacopée (ou méthode équivalente) pour les formes pharmaceutiques unitaires
Q553;majeur;Uniformité de teneur des préparations stockées;Pour les préparations stockées (ou pour un lot destiné à plus de 10 personnes), une uniformité de teneur (ou des contrôles intermédiaires/finaux équivalents) est mise en œuvre et documentée.
Q554;majeur;Justification de l'absence de contrôle;L'absence de contrôle ou un nombre restreint de contrôles est systématiquement justifié et tracé dans le dossier de préparation.
Q555;majeur;Échantillothèque des lots de préparations;Un échantillon de chaque lot de préparations terminées est conservé (sauf exception justifiée), en quantité suffisante pour permettre l'analyse complète prévue par la procédure.
Q556;mineur;Application de l'exemption d'échantillothèque;L'exemption d'échantillothèque pour les lots destinés à moins de 10 patients est appliquée.
Q557;mineur;Durée de conservation des échantillons;Les échantillons sont conservés dans les conditions prévues pour la préparation, pendant une durée au moins égale à la péremption + 1 an (sauf exception justifiée).
Q558.01;mineur;Mention d'identification des échantillons;Les récipients contenant les échantillons sont clairements idéentifiés et mentionnent de façon apparente, au minimum : … numéro de lot
Q558.02;mineur;Mention d'identification des échantillons;Les récipients contenant les échantillons sont clairements idéentifiés et mentionnent de façon apparente, au minimum : … date de l'échantillonage
Q558.03;mineur;Mention d'identification des échantillons;Les récipients contenant les échantillons sont clairements idéentifiés et mentionnent de façon apparente, au minimum : … date de péremption
Q558.04;mineur;Mention d'identification des échantillons;Les récipients contenant les échantillons sont clairements idéentifiés et mentionnent de façon apparente, au minimum : … numéro d'enregistrement dans l'échantillothèque
Q558.05;majeur;Mention « Ne pas dispenser » sur échantillons;"Les récipients contenant les échantillons sont clairements idéentifiés et mentionnent de façon apparente, au minimum : … la mention ""Ne Pas Dispenser"""
Q559;mineur;Outil de codage des informations;L'utilisation d'un code regroupant l'ensemble de ces informations est utilisée
Q560;critique;Libération pharmaceutique de chaque lot obligatoire;Chaque lot de préparation fait l'objet d'une libération pharmaceutique fondée sur l'ensemble des informations disponibles dans le dossier de lot, selon la même stratégie que celle définie au chapitre 6.
Q561.01;majeur;Revue du dossier de lot à la libération;La libération pharmaceutique des préparations terminées prend en compte l’examen de l’ensemble des éléments pertinents … le dossier de lot de la préparation
Q561.02;majeur;Revue des contrôles environnementaux à la libération;La libération pharmaceutique des préparations terminées prend en compte l’examen de l’ensemble des éléments pertinents … les résultats des contrôles de l'environnement
Q561.02.01;mineur;Détail environnemental (température) à la libération;> température
Q561.02.02;majeur;Revue des pressions différentielles à la libération;> pressions
Q561.02.03;mineur;Détail environnemental (hygrométrie) à la libération;> hygrométrie
Q561.02.04;majeur;Revue des résultats microbiologiques à la libération;> microbiologique
Q561.03;critique;Cycle de stérilisation non vérifié : perte de stérilité;La libération pharmaceutique des préparations terminées prend en compte l’examen de l’ensemble des éléments pertinents … les conditions du cycle de stérilisation (le cas échéant)
Q561.04;critique;Libération sans revue des contrôles de dose;La libération pharmaceutique des préparations terminées prend en compte l’examen de l’ensemble des éléments pertinents … les double-contrôles réalisés pendant la préparation ou les résultats des contrôles (pesé, dosage, contrôle vidéo)
Q561.05;critique;Concordance prescription/fiche/étiquette à la libération;La libération pharmaceutique des préparations terminées prend en compte l’examen de l’ensemble des éléments pertinents … la correspondance entre la prescription, la fiche de fabrication et l'étiquetage
Q561.06;majeur;Conformité aux spécifications à la libération;La libération pharmaceutique des préparations terminées prend en compte l’examen de l’ensemble des éléments pertinents … la conformité aux spécifications attendues de la préparation terminée
Q561.06.01;majeur;Aspect couleur/transparence vérifié;-> couleur / transparence
Q561.06.02;majeur;Limpidité/précipité vérifiés;-> limpidité / précipité
Q561.07;majeur;Examen du conditionnement final;La libération pharmaceutique des préparations terminées prend en compte l’examen de l’ensemble des éléments pertinents … l'examen du conditionnement final (sachet hermétique, protection UV si besoin)
Q561.08;critique;Étiquetage non vérifié à la libération;La libération pharmaceutique des préparations terminées prend en compte l’examen de l’ensemble des éléments pertinents … la vérification de l'étiquetage
Q561.09;majeur;Respect des procédures qualité à la libération;La libération pharmaceutique des préparations terminées prend en compte l’examen de l’ensemble des éléments pertinents … le respect des procédures d'assurance qualité
Q561.09.01;majeur;Personnel habilité vérifié à la libération;-> personnel habilité
Q561.09.02;majeur;Locaux et équipements adaptés vérifiés;-> locaux et équipements adaptés
Q562;critique;Libération réservée au pharmacien;La décision de libération et son enregistrement n'est prise que par un pharmacien
Q563;majeur;Choix des contrôles selon la préparation;Le choix des contrôles sont fonction des caractéristiques de la préparation et de son utilisation
Q564;majeur;Justification contrôle 100 % ou échantillonnage;Le choix entre contrôle à 100% et contrôle par échantillonnage est justifié et adapté à l'entité contrôlée (unité ou lot).
Q565;majeur;Représentativité de l'échantillonnage;L'échantillonnage réalisé est représentatif du lot, y compris lorsque celui-ci est constitué de sous-lots ultérieurement rassemblés.
Q566;majeur;Homogénéité des sous-lots vérifiée;En cas de lot composé de plusieurs sous-lots, un plan d'échantillonnage par sous-lot est réalisé pour vérifier l'homogénéité du lot final.
Q567;mineur;Précision documentaire du type d'échantillonnage;Pour chaque procédure d'échantilonnage il est précisé explicitement le type d'échantillonnage retenu (simple ou multiple) et le nombre d'unités prélevées.
Q568;mineur;Précision documentaire de la destination des prélèvements;En cas d'échantillonnage multiple, la destination de chaque prélèvement (pharmacotechnique, physico-chimique, microbiologique, contrôle supplémentaire, échantillothèque) est définie dans la procédure.
Q569;majeur;Définition de la durée de stabilité;La durée de stabilité de la préparation est déterminée comme la durée pendant laquelle la préparation conserve, dans des limites spécifiées, ses qualités tout au long de sa conservation
Q570;majeur;Contrôle de stabilité des préparations stockées;Un contrôle de stabilité est misen oeuvre pour toute préparation réalisée à l'avance et destinée à une conservation prolongée, en cohérence avec sa forme pharmaceutique.
Q571;majeur;Péremption calculée depuis la réalisation;La date de péremption est déterminée à partir de la date de réalisation effective de la préparation.
Q572;majeur;Détermination documentée de la péremption;La détermination de la date de péremption s'appuie sur une réflexion documentée intégrant les propriétés physico-chimiques, les données bibliographiques, les analyses réalisées, la forme pharmaceutique, le type de conditionnement et la présence/absence de conservateur.
Q573;majeur;Péremption indépendante de la spécialité MPUP;La date de péremption de la préparation terminée est déterminée indépendamment de celle de la spécialité utilisée comme MPUP .
Q574;mineur;Préférence pour données analytiques de stabilité;Les durées de stabilité retenues sont, chaque fois que possible, fondées sur des données analytiques plutôt que sur des données bibliographiques seules.
Q575;majeur;Méthodes analytiques de stabilité validées;Les méthodes analytiques de stabilité utilisées sont validées et permettent de quantifier la/les substance(s) active(s), les produits de dégradation et de détecter toute autre altération.
Q576;majeur;Stabilité microbiologique des préparations conservées;La stabilité microbiologique est étudiée pour l'ensemble des préparations conservées, avec démonstration du maintien de la qualité microbiologique conforme à la Pharmacopée Européenne.
Q577;majeur;Convention préalable à toute sous-traitance;Une convention de sous-traitance est systématiquement mise en place avant toute action de sous-traitance des préparations.
Q578;majeur;Conformité réglementaire du contrat;Le contrat de sous-traitance respecte le CSP et les BPP
Q579;mineur;Énumération du périmètre des conventions;Les conventions de sous-traitance en place dans le secteur de pharmacotechnie concernent la totalité des opérations de préparations, et/ou le contrôle des MPUP et préparations finies et/ou le transport de la préparation
Q580;majeur;Périmètre de responsabilité non ambigu;Le périmètre exact de la sous-traitance est défini de façon non ambiguë, évitant toute zone grise de responsabilité
Q581.01;majeur;Contenu du contrat de sous-traitance;Il existe d'un contrat écrit entre le donneur d'ordre et le sous-traitant (que l'on sous-traite ou que l'on soit le sous-traitant) spécifiant … * les obligations
Q581.01.01;majeur;Contenu du contrat de sous-traitance;-> du donneur d'ordre
Q581.01.02;majeur;Contenu du contrat de sous-traitance;-> du sous-traitant
Q581.02;majeur;Contenu du contrat de sous-traitance;Il existe d'un contrat écrit entre le donneur d'ordre et le sous-traitant (que l'on sous-traite ou que l'on soit le sous-traitant) spécifiant … * les responsabilités
Q581.02.01;majeur;Contenu du contrat de sous-traitance;-> du donneur d'ordre
Q581.02.02;majeur;Contenu du contrat de sous-traitance;-> du sous-traitant
Q581.03;majeur;Contenu du contrat de sous-traitance;Il existe d'un contrat écrit entre le donneur d'ordre et le sous-traitant (que l'on sous-traite ou que l'on soit le sous-traitant) spécifiant … * les tâches dévolues
Q581.03.01;majeur;Contenu du contrat de sous-traitance;-> au donneur d'ordre
Q581.03.02;majeur;Contenu du contrat de sous-traitance;-> au sous-traitant
Q581.04;majeur;Contenu du contrat de sous-traitance;Il existe d'un contrat écrit entre le donneur d'ordre et le sous-traitant (que l'on sous-traite ou que l'on soit le sous-traitant) spécifiant … * les exigences
Q581.04.01;majeur;Contenu du contrat de sous-traitance;-> du donneur d'ordre
Q581.04.02;majeur;Contenu du contrat de sous-traitance;-> du sous-traitant
Q582;mineur;Forme du contrat (unique ou regroupé);Il existe d'une contrat unique global (dans la mesure du possible) ou de contrats réunis consultables ensembles
Q583;mineur;Clause d'inspection par les autorités;Le contrat précise la possibilité d'inspection de l'activité de sous-traitance par les autorités compétentes
Q584;majeur;Activités sous-traitées exhaustivement contractualisées;Toutes les activités à effectuer par le sous-traitant sont mentionnées dans le contrat
Q585.01;majeur;Procédure de communication et commande;Les modalités de communication et de commande entre les 2 parties sont précisées et formalisées … Il existe une procédure ou un document
Q585.02;mineur;Validation formelle de la procédure de communication;Les modalités de communication et de commande entre les 2 parties sont précisées et formalisées … Cette procédure est validée par les deux parties
Q586;mineur;Clause de refus motivé;Le contrat mentionne la possibilité pour le sous-traitant de refuser la réalisation d'une préparation sous réserve d'une justification écrite
Q587;majeur;Implication des pharmaciens responsables au contrat;Toutes les activités à effectuer par le sous-traitant sont mentionnées dans le contrat. Le(s) pharmacien responsable des préparations( du donneur d'ordre et du sous traitant) est associé à la rédaction/signature du contrat de sous-traitance.
Q588;majeur;Responsabilités des processus définies au contrat;Pour chaque sous-traitance, le contrat est écrit et défini précisément les responsabilités des les processus mis en places (comme l'étiquetage, les contrôles des MPUP, DM, préparations terminées, les conditions de conservations et de transport, la gestion du rappel des lots et des non-conformités, la durée du-dit contrat et les modalités de reconduction)
Q589;majeur;Possibilité d'audit du sous-traitant;Le contrat prévoit la possibilité d'un audit du sous-traitant par le donneur d'ordre
Q590;mineur;Clause d'accès aux documents;Le contrat prévoit la possibilité pour le donneur d'ordre de consulter les documents concernant la préparation sous-traitée (en cas de demande)
Q591;mineur;Chapitre contractuel de réattribution;"Le contrat de sous-traitance comprend un chapitre ""réattribution des préparations"""
Q592;majeur;Prestations et exigences clairement stipulées;La portée des prestations et les exigences associées demandées par le donneur d'ordre sont clairement stipulées
Q593.01;majeur;Vérification de l'autorisation ARS du sous-traitant;Le donneur d'ordre vérifie que le sous traitant dispose … * de l'autorisation de réalisation des préparations magistrales stériles ou comportant des matières premières dangereuses pour le personnel et l’environnement délivrée par l'ARS
Q593.02;majeur;Vérification de l'autorisation ARS du sous-traitant;Le donneur d'ordre vérifie que le sous traitant dispose … * de l'autorisation réalisation des préparations hospitalières délivrée par l'ARS
Q593.03;majeur;Vérification de l'autorisation ARS du sous-traitant;Le donneur d'ordre vérifie que le sous traitant dispose … * l'autorisation de reconstitution de spécialités pharmaceutiques, y compris celles concernant les médicaments de thérapie innovante délivrée par l'ARS
Q593.04;majeur;Vérification des compétences du sous-traitant;Le donneur d'ordre vérifie que le sous traitant dispose … * des compétences nécessaires du sous-traitant à la réalisation de l'activité demandée
Q594;majeur;Application des BPP par le sous-traitant;Le donneur d'ordre s'assure de l'application des BPP par le sous-traitant
Q595;majeur;Transmission des informations au sous-traitant;Le donneur d'ordre est responsable de la transmission de toutes les informations et connaissances nécessaires à la réalisation du contrat de sous-traitance
Q596;majeur;Système qualité du sous-traitant vérifié;La présence d'un système d'assurance qualité au sein de l'unité de préparation du sous-traitant a été vérifiée
Q597.01;critique;Concordance prescription/préparation sous-traitée : erreur patient;Il existe une documentation du contrôle à réception par le donneur d'ordre des préparations sous-traitées, dont les éléments suivants … * concordance entre la prescription et la préparation
Q597.02;majeur;Contrôle de l'étiquetage à réception;Il existe une documentation du contrôle à réception par le donneur d'ordre des préparations sous-traitées, dont les éléments suivants … * conformité de l'étiquetage
Q597.03;majeur;Contrôle de l'intégrité du conditionnement;Il existe une documentation du contrôle à réception par le donneur d'ordre des préparations sous-traitées, dont les éléments suivants … * intégrité physique du conditionnement
Q597.04;majeur;Contrôle des conditions de transport;Il existe une documentation du contrôle à réception par le donneur d'ordre des préparations sous-traitées, dont les éléments suivants … * respect des conditions de conservation pendant le transport (enregistrements des sondes de température à archiver, abri de la lumière à vérifier)
Q598;majeur;Responsabilité de la dispensation définie;Le donneur d'ordre est responsable de la dispensation de la préparation
Q599.01;majeur;Locaux adaptés du sous-traitant;Le sous-traitant est en mesure d'effectuer l'activité de préparation contractualisée … * Locaux adaptés (ex : présence d'une ZAC)
Q599.02;majeur;Équipements adaptés du sous-traitant;Le sous-traitant est en mesure d'effectuer l'activité de préparation contractualisée … * Equipements et matériels adaptés (ex : PSC ou isolateur)
Q599.03;majeur;Autorisation ARS du sous-traitant;Le sous-traitant est en mesure d'effectuer l'activité de préparation contractualisée … * Autorisation de réalisation des préparations magistrales stériles ou comportant des matières premières dangereuses pour le personnel et l’environnement délivrée par l'ARS
Q599.04;majeur;Autorisation ARS du sous-traitant;Le sous-traitant est en mesure d'effectuer l'activité de préparation contractualisée … * Autorisation réalisation des préparations hospitalières délivrée par l'ARS
Q599.05;majeur;Autorisation ARS du sous-traitant;Le sous-traitant est en mesure d'effectuer l'activité de préparation contractualisée … * Autorisation de reconstitution de spécialités pharmaceutiques, y compris celles concernant les médicaments de thérapie innovante délivrée par l'ARS
Q599.06;majeur;Personnel compétent et formé du sous-traitant;Le sous-traitant est en mesure d'effectuer l'activité de préparation contractualisée … * Personnel compétent au sens du CSP et formé
Q599.07;majeur;Système qualité du sous-traitant;Le sous-traitant est en mesure d'effectuer l'activité de préparation contractualisée … * Système d'assurance qualité mis en place
Q600;majeur;Respect du contrat par le sous-traitant;Le sous-traitant réalise les activités comme stipulés par le contrat
Q601;critique;Signalement immédiat d'erreur a posteriori : rappel;Il existe une procédure prévoyant un signalement immédiat au pharmacien donneur d'ordre en cas d'éléments susceptibles de remettre en cause la libération de la préparation (découverte d'erreur a posteriori)
Q602;mineur;Clause de sous-traitance à un tiers;Le contrat stipule le cas échéant la possibilité de sous-traitance du contrôle et du transport par le sous-traitant à un tiers
Q603;mineur;Information du donneur d'ordre;En cas de sous-traitance à un tiers, le donneur d'ordre en est informé (contrat et/ou courrier officiel)
Q604;majeur;Dossier de préparation par le sous-traitant;En cas de sous-traitance, la rédaction du dossier de préparation incombe au sous-traitant
Q605;majeur;Dossier et certificat de libération transmis;Le contrat précise que le sous-traitant est en charge de la rédaction de la totalité du dossier de préparation. Le certificat de libération des préparations est transmis au donneur d'ordre
Q606;mineur;Motivation formelle d'un refus;Le refus par le sous-traitant de la réalisation d'une préparation doit être motivée (le cas échéant)
Q607.01;majeur;Totalité des opérations par le sous-traitant;Le sous-traitant doit réaliser la totalité des opérations de préparation de … * préparation
Q607.02;majeur;Conditionnement réalisé par le sous-traitant;Le sous-traitant doit réaliser la totalité des opérations de préparation de … * conditionnement
Q607.03;majeur;Étiquetage réalisé par le sous-traitant;Le sous-traitant doit réaliser la totalité des opérations de préparation de … * étiquetage
Q608.01;critique;Identité patient sur étiquette : erreur de patient;L'étiquetage est conforme au CSP et réalisé par le sous-traitant … * Identité du patient (nom / prénom / date de naissance)
Q608.02;critique;DCI sur étiquette : erreur de produit;L'étiquetage est conforme au CSP et réalisé par le sous-traitant … * Nom de la préparation (DCI)
Q608.03;critique;Dosage sur étiquette : erreur de dose;L'étiquetage est conforme au CSP et réalisé par le sous-traitant … * Dosage de la préparation
Q608.04;majeur;Forme pharmaceutique sur l'étiquette;L'étiquetage est conforme au CSP et réalisé par le sous-traitant … * Forme pharmaceutique de la préparation
Q608.05;mineur;Mention d'étiquetage administrative sans impact qualité direct;L'étiquetage est conforme au CSP et réalisé par le sous-traitant … * Numéro d'enregistrement de la préparation
Q608.06;majeur;Date de péremption absente : risque d'administration périmée;L'étiquetage est conforme au CSP et réalisé par le sous-traitant … * Date de péremption
Q608.07;majeur;Conservation non indiquée : risque de dégradation;L'étiquetage est conforme au CSP et réalisé par le sous-traitant … * Modalités de conservation
Q608.08;mineur;Mention administrative d'étiquetage;L'étiquetage est conforme au CSP et réalisé par le sous-traitant … * Nom de la pharmacie sous-traitante
Q608.09;mineur;Mention administrative d'étiquetage;L'étiquetage est conforme au CSP et réalisé par le sous-traitant … * Nom de la pharmacie donneuse d'ordre
Q609;mineur;Mention d'ordonnancier, exigence réglementaire de forme;Le numéro d'ordonnancier est ajouté sur l'étiquette par le donneur d'ordre au moment de la dispensation
Q610.01;mineur;Délais contractuels, aspect organisationnel;Les délais de réalisation des préparations sont mentionnés dans le contrat … * pour les préparations habituelles
Q610.02;majeur;Délais urgents non garantis : continuité des soins;Les délais de réalisation des préparations sont mentionnés dans le contrat … * pour les préparations urgentes
Q611;majeur;Périmètre contractuel de sous-traitance non défini;Les formes pharmaceutiques réalisées par le sous-traitant sont spécifiées dans le contrat
Q612;mineur;Justification du recours à la sous-traitance, forme;Le recours à l'activité de sous-traitance des contrôles est justifié par l'absence d'équipements et de matériels adéquats et/ou si les contrôles sont rares
Q613.01;majeur;Responsabilités de contrôle MPUP non définies;Le contrat de sous-traitance précise les responsabilité du donneur d'ordre et du sous traitant en matière de contrôle … MPUP
Q613.02;majeur;Responsabilités de contrôle produit fini non définies;Le contrat de sous-traitance précise les responsabilité du donneur d'ordre et du sous traitant en matière de contrôle … Préparation terminée
Q614;majeur;Informations nécessaires aux contrôles non garanties;Le contrat stipule que le donneur d'ordre fournit toutes les informations dont le sous-traitant a besoin pour réaliser les contrôles (dossier de lot, enregistrements)
Q615.01;majeur;Contenu du certificat d'analyse incomplet;Délivrance par le sous-traitant d'un certificat d'analyse comportant par le sous traitant … * les résultats qualitatifs avec leur spécifications
Q615.02;majeur;Contenu du certificat d'analyse incomplet;Délivrance par le sous-traitant d'un certificat d'analyse comportant par le sous traitant … * les résultats quantitatifs avec leur spécifications
Q615.03;mineur;Détail documentaire du certificat d'analyse;Délivrance par le sous-traitant d'un certificat d'analyse comportant par le sous traitant … * les méthodes d'analyse utilisées
Q615.04;mineur;Détail documentaire du certificat d'analyse;Délivrance par le sous-traitant d'un certificat d'analyse comportant par le sous traitant … * les référentiels utilisés
Q615.05;critique;Conformité non statuée : libération possible d'un non-conforme;Délivrance par le sous-traitant d'un certificat d'analyse comportant par le sous traitant … * Une mention de conformité ou de non conformité de la préparation
Q615.06;mineur;Détail documentaire du certificat d'analyse;Délivrance par le sous-traitant d'un certificat d'analyse comportant par le sous traitant … * la date du contrôle
Q615.07;majeur;Certificat non signé : responsabilité du contrôle non engagée;Délivrance par le sous-traitant d'un certificat d'analyse comportant par le sous traitant … * la signature du responsable du contrôle
Q616;critique;Résultats de contrôle ignorés : préparation non conforme libérée;En cas de sous-traitance des contôles, le pharmacien responsable des préparations tient compte des résultats fourni par le sous-traitant pour la réalisation des préparations
Q617.01;majeur;Maîtrise contractuelle du transport insuffisante;Les conditions particulières de transport figurent dans le contrat et sont vérifiées par des enregistrements … la durée moyenne de transport
Q617.02;majeur;Conditions de conservation en transport non maîtrisées;Les conditions particulières de transport figurent dans le contrat et sont vérifiées par des enregistrements … les conditions particulières de conservation
Q617.03;mineur;Détail logistique du contrat de transport;Les conditions particulières de transport figurent dans le contrat et sont vérifiées par des enregistrements … la localisation exacte du lieu de livraison
Q617.04;mineur;Détail logistique du contrat de transport;Les conditions particulières de transport figurent dans le contrat et sont vérifiées par des enregistrements … la localisation et les conditions de remise avec le lieu de prise en charge
Q617.05;mineur;Détail logistique du contrat de transport;Les conditions particulières de transport figurent dans le contrat et sont vérifiées par des enregistrements … les lieux et délais de ruptures de charge quand ils existent
Q617.06;mineur;Détail contractuel sans impact qualité direct;Les conditions particulières de transport figurent dans le contrat et sont vérifiées par des enregistrements … les délais de recours
Q618;majeur;Transport postal incompatible : altération possible;En cas d'utilisation d'un service de colis postaux, les conditions de conservation et le délai de livraison sont compatibles avec la préparation
Q619;majeur;Emballage inadapté : risque produit et exposition;Le contrat prévoit l'utilisation d'emballage (ou conditionnement secondaire) hermétique et solide afin de permettre un transport sécurisé (à la fois pour la préparation, pour le transporteur et pour l'environnement)
Q620.01;majeur;Sécurité du transport des préparations;Le contrat précise … * que le transport des préparations terminées doit s'effectuer dans des conteneurs ou paquets clos
Q620.02;majeur;Inviolabilité des colis non garantie;Le contrat précise … * que ces conteneurs ou paquets sont scellés ou munis d'un dispositif de fermeture assurant la même sécurité
Q620.03;mineur;Mention d'identification sur le colis;Le contrat précise … * que l'identification et l'adresse de l'expéditeur doivent être mentionnées (sur l'ordre de mission, le colis, ...)
Q620.04;mineur;Mention d'identification sur le colis;Le contrat précise … * que l'identification et l'adresse du destinataire doivent être mentionnées (sur l'ordre de mission, le colis, ...)
Q621.01;majeur;Chaîne du froid non tracée;Les conditions de transport particulières (température, absence de mouvement, protection de la lumière) doivent être stipulées dans le contrat et garanties par le transporteur … * enregistrements du suivi des températures
Q621.02;majeur;Durée de transport non contrôlée;Les conditions de transport particulières (température, absence de mouvement, protection de la lumière) doivent être stipulées dans le contrat et garanties par le transporteur … * contrôle de la durée du transport
Q621.03;majeur;Photoprotection en transport non garantie;Les conditions de transport particulières (température, absence de mouvement, protection de la lumière) doivent être stipulées dans le contrat et garanties par le transporteur … * maintien de l'obscurité
Q621.04;mineur;Détail des conditions de transport;Les conditions de transport particulières (température, absence de mouvement, protection de la lumière) doivent être stipulées dans le contrat et garanties par le transporteur … * maintien de l'immobilité des conteneurs
Q622;majeur;Activité externalisée sans contrat écrit;Toute activité externalisée, couverte par le guide des BPP, est définie de manière appropriée, convenue et contrôlée afin d’éviter tout malentendu succeptible de conduire à un travail ou une préparation de qualité insuffisante et fait l'objet d'un contrat écrit entre le donneur d’ordre et le sous-traitant en vue de fixer clairement les obligations de chaque partie.
Q623.01;mineur;Énumération indicative des prestations possibles;Les contrats de sous-traitance de prestations peuvent concerner … les systèmes de traitement de l'air
Q623.02;mineur;Énumération indicative des prestations possibles;Les contrats de sous-traitance de prestations peuvent concerner … les systèmes de traitement de l'eau
Q623.03;mineur;Énumération indicative des prestations possibles;Les contrats de sous-traitance de prestations peuvent concerner … les isolateurs
Q623.04;mineur;Énumération indicative des prestations possibles;Les contrats de sous-traitance de prestations peuvent concerner … les PSC
Q624;mineur;Énumération indicative des prestations possibles;Ces contrats peuvent concerner les prestations de
Q624.01;mineur;Énumération indicative des prestations possibles;surveillance des ZAC
Q624.02;mineur;Énumération indicative des prestations possibles;mise à disposition des consommables stériles (vêtements, articles de conditionnement)
Q624.03;mineur;Énumération indicative des prestations possibles;maintenance des équipements
Q624.04.01;mineur;Énumération indicative des prestations possibles;manipulation et l'élimination des déchets … cytotoxiques
Q624.04.02;mineur;Énumération indicative des prestations possibles;manipulation et l'élimination des déchets … non cytotoxiques
Q625;majeur;Réclamations non enregistrées : défauts non détectés;Il existe un système d'enregistrement des réclamations
Q626;majeur;Absence de traitement des réclamations;Il existe un système de traitement des reclamations (CREX, autre)
Q627;majeur;Analyse des causes des réclamations absente;Ce traitement analyse causes et defauts (CREX, autre)
Q628;majeur;Absence de mesures correctives;Ce traitement conduit à la mise en place de mesures correctives le cas echeant
Q629;mineur;Lieu d'enregistrement des analyses, forme documentaire;Les analyses et mesures sont enregistrées dans le dossier de lot
Q630;majeur;Plan d'action non piloté par le PRP;A l'issu du CREX ou autre, un plan d'action est mis en place par le PRP
Q631;mineur;Délais du plan d'action, aspect organisationnel;Les actions issue du CREX ou autre présentent des délais de mise en œuvre
Q632;majeur;Responsabilité de destruction des lots rappelés;Le PRP est responsable de l'ordre de destruction des préparations rappelées
Q633;majeur;Traçabilité des opérations de rappel;Un rapport détaillé des opérations de rappel est rédigé et conservé dans le dossier de lot.
Q634;critique;Rappel incomplet : unités défectueuses encore administrables;Un bilan de rappel établit la balance entre le nombre d unités rappellées et le nombre d'unités retournées
Q635;majeur;Absence d'auto-inspection du système qualité;Le système d'assurance qualité prévoit une auto-inspection ayant pour but la vérification du respect des BPP (via une procédure accompagnée d'une grille d'évaluation)
Q636;mineur;Contenu formel de la grille d'auto-inspection;La grille d'auto-inspection couvre explicitement chaque chapitre des BPP, avec un score ou une conclusion formalisée débouchant sur des actions correctives tracées
Q637;mineur;Périodicité des auto-inspections, revue périodique;La périodicité des auto-inspections par domaine (personnel, locaux, matériel, documents, préparation, contrôle, libération, réclamations) est définie et respectée.
Q638;mineur;Indépendance de l'auditeur, aspect organisationnel;Les auto-inspections sont conduites par des personnes compétentes mais n'intervenant pas directement dans le procédé observé
Q639.01;mineur;Contenu formel du compte-rendu;Chaque compte-rendu d'auto-inspection est tracé. Il précise : … l'identité de la personne ayant réalisée l'auto-inspection
Q639.02;mineur;Contenu formel du compte-rendu;Chaque compte-rendu d'auto-inspection est tracé. Il précise : … les observations
Q639.03;mineur;Contenu formel du compte-rendu;Chaque compte-rendu d'auto-inspection est tracé. Il précise : … les mesures correctives proposées le cas échéant
Q640;mineur;Contenu formel du compte-rendu;Chaque compte-rendu d'auto-inspection intègre les observations et le cas échéant des propositions de mesures correctives
Q641.01;majeur;Audit d'hygiène des mains non réalisé;Des audit des pratiques sont réalisés régulièrement et enregistrés. Ils peuvent concerner … la réalisation d'un test de lavage des mains
Q641.02;majeur;Entraînement à la gestion des bris non vérifié;Des audit des pratiques sont réalisés régulièrement et enregistrés. Ils peuvent concerner … la simulation de bris de flacons
Q641.03;majeur;Audit de l'habillage en ZAC absent;Des audit des pratiques sont réalisés régulièrement et enregistrés. Ils peuvent concerner … la vérification de l'adéquation de l'habillage (charlotte, gants, cache-barbe... ) correspond à la classe de ZAC concernée, pour chaque opérateur présent
Q641.04;mineur;Audit des objets personnels, vérification complémentaire;Des audit des pratiques sont réalisés régulièrement et enregistrés. Ils peuvent concerner … la vérification de l'absence de montres bracelets, maquillage (incluant le vernis à ongle), bijoux et autres objets personnels tels que les téléphones portables
Q641.05;majeur;Port effectif des EPI non audité;Des audit des pratiques sont réalisés régulièrement et enregistrés. Ils peuvent concerner … l'utilisation effective des EPI, avec cohérence au niveau d'exposition défini
Q641.06;mineur;Audit nourriture/boisson, vérification complémentaire;Des audit des pratiques sont réalisés régulièrement et enregistrés. Ils peuvent concerner … la vérification de l'absence effective de nourriture/boisson en zone de préparation.
Q642;majeur;Adéquation procédé/environnement aux risques non évaluée;Le procédé de fabrication et l'environnement de préparation retenus sont adaptés aux risques spécifiques de la préparation réalisée (ex. risque microbiologique pour une préparation injectable, risque chimique/toxicologique pour une préparation cytotoxique), et cette adéquation fait l'objet d'une évaluation et de contrôles réguliers, documentés et tracés.
Q643;majeur;Choix du procédé de stérilisation non documenté;Le choix du procédé de préparation stérile (stérilisation terminale, filtration stérilisante ou préparation aseptique) est identifié et documenté le cas échant
Q644;mineur;Préférence de méthode, justification documentaire;Le cas échéant et lorsqu'elle est envisageable et que l'établissement dispose de l'équipement nécessaire, la stérilisation par la chaleur humide (autoclave) est privilégiée, sauf justification contraire
Q645;critique;Stérilisation non validée : perte de stérilité;Le cas échéant, la préparation (notamment sa/ses substance(s) active(s)) présente des caractéristiques physico-chimiques compatibles avec la stérilisation envisagée, et les conditions de stérilisation font l'objet d'une validation appropriée
Q646;critique;Conditionnement non conforme : perte de stérilité;Le conditionnement final de la préparation répond aux exigences de la Pharmacopée pour les produits stériles
Q647;critique;Risque endotoxinique direct pour le patient;Des mesures de maîtrise du risque d'endotoxines bactériennes sont mises en œuvre à la fois sur les contenants intermédiaires et sur le contenant final (ex. qualité de l'eau, propreté des articles de conditionnement).
Q648;majeur;Justification et choix du filtre stérilisant;Le recours à la filtration stérilisante pour les MPUP non autoclavables est justifié, avec un choix de filtre adapté à la nature du produit et conforme aux exigences de la Pharmacopée.
Q649;critique;Matériel non stérile : contamination de la préparation;Le reste du matériel utilisé pour la préparation est soumis à un procédé de stérilisation approprié et validé avant la filtration.
Q650;critique;Filtration hors classe A : recontamination possible;La filtration est à effectuer aussi près que possible du point de remplissage en environnement de classe A
Q651;critique;Filtre inadapté : stérilité non assurée;Les solutions sont filtrées sur un filtre stérile à usage unique de porosité nominale ≤ 0,22 μm, et sa nature/ses caractéristiques sont tracées
Q652;majeur;Conformité des lots de filtres non vérifiée;La conformité de chaque lot de filtre est vérifiée via le certificat fournisseur, qui est archivé.
Q653;majeur;Compatibilité molécule/filtre non documentée;Il existe un document attestant la compatibilité physico-chimique de chaque molécule à filtrer (document officiel du laboratoire commercialisant la substance active, publication, …)
Q654;majeur;Préfiltration absente si biocharge élevée;Une pré-filtration est réalisée sur un filtre antibactérien dans les cas où il est impossible de limiter la contamination microbienne initiale de la substance active
Q655;critique;Intégrité du filtre non vérifiée : stérilité incertaine;L'intégrité du filtre après usage est contrôlée, quand la conception du filtre le permet et le résultat est enregistré
Q656;critique;Rupture d'intégrité non traitée : lot non stérile libéré;Toute anomalie survenue lors de la filtration (ex. rupture d'intégrité du filtre) est enregistrée, analysée, et donne lieu à des actions correctives adaptées, documentées.
Q657;critique;Dispositifs non stériles : contamination de la préparation;Les matériels de préparation utilisés (dispositifs de transfert, articles de conditionnement) sont stériles (méthode Pharmacopée), garantissant le maintien de la stérilité des composants tout au long du procédé aseptique.
Q658;critique;Préparation aseptique hors ZAC : contamination microbiologique;Les préparations aseptiques sont réalisées dans une ZAC
Q659;majeur;Choix système clos/ouvert non tracé;Le choix entre procédé en système clos et procédé en système ouvert est explicite et tracé pour chaque type de préparation, en tenant compte du niveau de risque associé à chacun.
Q660.01;majeur;Dispositif de transfert en système clos;En système clos, le transfert du produit stérile est réalisé avec l'un des dispositifs listés ci-contre garantissant l'absence de contact du produit stérile avec l'environnement pendant tout le prélèvement et le transfert … Aiguille stérile ou spike ou microspike
Q660.02;majeur;Dispositif de transfert en système clos;En système clos, le transfert du produit stérile est réalisé avec l'un des dispositifs listés ci-contre garantissant l'absence de contact du produit stérile avec l'environnement pendant tout le prélèvement et le transfert … Seringue
Q660.03;majeur;Dispositif de transfert en système clos;En système clos, le transfert du produit stérile est réalisé avec l'un des dispositifs listés ci-contre garantissant l'absence de contact du produit stérile avec l'environnement pendant tout le prélèvement et le transfert … Tubulure stérile
Q660.04;majeur;Dispositif de transfert en système clos;En système clos, le transfert du produit stérile est réalisé avec l'un des dispositifs listés ci-contre garantissant l'absence de contact du produit stérile avec l'environnement pendant tout le prélèvement et le transfert … Autre dispositif de transfert stérile
Q661.01;majeur;Contenant initial adapté au système clos;En système clos, les caractéristiques du contenant initial des MPUP sont … Contenant initial avec bouchon en élastomère percutable à plusieurs reprises et/ou équipé de dispositifs de transfert (à privilégier)
Q661.02;critique;Ampoule ouverte hors classe A : contamination;En système clos, les caractéristiques du contenant initial des MPUP sont … Ampoule possible mais avec prélèvement dans un environnement de classe A
Q662;critique;Matériel ou MPUP non stériles : contamination;Seul du matériel stérile à usage unique et des MPUP stériles ou rendues stériles sont utilisés
Q663;mineur;Origine des MPUP, principe général;Les MPUP utilisées sont principalements des spécialités pharmaceutiques stériles autorisées en France
Q664;critique;MPUP hospitalière de stérilité non vérifiée;Lorsqu'une préparation hospitalière est utilisée comme MPUP pour une autre préparation, sa stérilité est vérifiée et documentée avant utilisation.
Q665.01;critique;Reliquat non stérile réutilisé : contamination;Des reliquats stériles et apyrogènes peuvent être utilisés si … les reliquats de MPUP sont stériles et reconstituées de manière stérile
Q665.02;majeur;Stabilité des reliquats non documentée;Des reliquats stériles et apyrogènes peuvent être utilisés si … si la stabilité dans le temps documentée (durée précisée)
Q665.03;majeur;Conservation des reliquats non garantie;Des reliquats stériles et apyrogènes peuvent être utilisés si … si les conditions de conservation sont garanties et documentées (température, lumière, hygrométrie, mouvement)
Q666;majeur;Contenant final adapté à la voie d'administration;Les préparations terminées issues du système clos sont des solutions ou systèmes dispersés stériles, conditionnées dans un contenant stérile adapté à la voie d'administration prévue.
Q667;majeur;Étapes en système ouvert non identifiées;Toute étape de préparation non réalisée strictement en système clos est identifiée comme relevant du système ouvert, avec les mesures de maîtrise du risque associées.
Q668;majeur;Qualité microbiologique des contenants intermédiaires;Une attention particulière est portée à la qualité microbiologique des contenants intermédiaires utilisés en système ouvert et à la recherche d'endotoxines bactériennes lorsque pertinent.
Q669;critique;Système ouvert sans filtration : perte de stérilité;Toute préparation aseptique en système ouvert est associée à une filtration stérilisante (filtre 0,22 μm), sauf exception dûment justifiée et documentée.
Q670;critique;Classe de ZAC inadaptée : contamination;Chaque préparation stérile est réalisée dans une ZAC dont le niveau de propreté (classe) est adapté à l'opération réalisée, afin de réduire le risque de contamination des MPUP et des préparations terminées.
Q671;critique;Introduction en classe A non maîtrisée : contamination;Tout accessoire, récipient ou matériel introduit en zone de classe A lors de préparations aseptiques est préalablement stérilisé (Pharmacopée ou méthode équivalente) et introduit selon un système de transfert validé empêchant l'introduction de contaminants.
Q672;majeur;Délais nettoyage-stérilisation-utilisation non maîtrisés;L'intervalle de temps entre le nettoyage, le séchage et la stérilisation des accessoires/récipients/matériel, ainsi qu'entre la stérilisation et leur utilisation, est le plus court possible
Q673;majeur;Risque de recontamination du matériel nettoyé;Après leur nettoyage, les accessoires, récipients et matériel sont manipulés de façon à éviter toute recontamination
Q674;majeur;Délai préparation-stérilisation : biocharge accrue;L'intervalle de temps entre le début de la préparation de la solution, sa filtration et sa stérilisation est le plus bref possible
Q675;critique;Absence de media fill : procédé aseptique non validé;Un essai de simulation (test de remplissage aseptique), le plus proche du procédé de préparation aseptique, pour la validation des procédés de préparation aseptique est réalisé
Q676;majeur;Qualification du personnel réalisant le media fill;Le test de remplissage aseptique est réalisé par un personnel qualifié
Q677;majeur;Revalidation aseptique après modification;Le test de remplissage aseptique est réalisé lors de toute modification importante du procédé de préparation
Q678;majeur;Traçabilité des tests de remplissage aseptique;Les test de remplissage aseptiques sont tracés
Q679;critique;Validation pouvant contaminer des préparations patient;Les opérations de validation sont conçues pour n'entraîner aucun risque pour les préparations réellement destinées aux patients.
Q680;critique;Procédés de préparation et stérilisation non validés;Les procédés de préparation et de stérilisation sont préalablement validés
Q681;majeur;Représentativité du test de simulation;La validation des procédés de préparation aseptique repose sur un essai de simulation (test de remplissage aseptique) étant au plus proche du procédé de préparation aseptique.
Q682;majeur;Évaluation du risque de stérilité pour petits lots;Pour les préparations magistrales dont la taille de lot ne permet pas de suivre les prescriptions de la Pharmacopée, le pharmacien en charge de la libération évalue le risque associé à la stérilité en tenant compte des paramètres critiques disponibles.
Q683;mineur;Plan d'échantillonnage optionnel;Un plan spécifique d'échantillonage microbiologique peut être mis en place en cas de réalisation de préparations selon un procédé identique
Q684;critique;Préparations multi-substances : risque d'erreur de produit/dose;Les modes opératoires pour les préparations faisant intervenir plus de 2 substances actives permettent de mettre en place une organisation maîtrisant les risques d'erreur
Q685;critique;Libération sans prise en compte de la surveillance ZAC;La libération des préparations terminées tient compte des résultats de surveillance des ZAC
Q686;majeur;Identification du danger des substances;Le danger intrinsèque d'une substance manipulée est recherché dans des bases de données bibliographiques de référence (INRS, CRAT, CIRC...)
Q687;majeur;Détermination du danger par mentions CLP;En l'absence de données disponibles, le danger intrinsèque est déterminé à l'aide des mentions de danger codifiées par le règlement CLP
Q688;majeur;FDS non accessibles au personnel;Les fiches de données de securité des MPUP sont mises à disposition du personnel
Q689;mineur;Codification formelle des mentions de danger;Les mentions de danger CLP identifiées pour chaque substance sont correctement codifiées et exploitées (lettre H + code numérique)
Q690;majeur;Évaluation du danger par le RCP;En l'absence de mention de danger disponible, le RCP de la spécialité est étudié pour recueillir les informations utiles (effets pharmacologiques et indésirablesdose usuelle, toxicité aigüe, toxicité chronique, mutagénicité°
Q691;majeur;Niveau d'exposition non défini avec médecine du travail;Un niveau d'exposition au danger est définit en collaboration avec la médecine du travail pour l'ensemble des les personnels
Q692;majeur;Évaluation de l'exposition incomplète;Le niveau d'exposition au danger est évalué en prenant en compte l'ensemble des éléments définis (nature du danger, caractéristiques physico-chimiques, quantité, fréquence, mesures de protection)
Q693;mineur;Réévaluation périodique de l'exposition;Le niveau d'exposition est réévaluée annuellement avec la médecine du travail
Q694;majeur;Mesures de protection non adaptées à l'exposition;Les mesures de protection sont réévalués en fonction de l'évolution du niveau d'exposition
Q695;majeur;Suivi biologique de l'exposition non organisé;Le suivi biologique de l'exposition du personnel, s'il existe, est organisé et supervisé par la médecine du travail
Q696;majeur;Surveillance médicale du personnel exposé;Il existe une surveillance médicale adaptée et régulière
Q697;majeur;Suivi des accidents du travail;Il existe un suivi des accidents du travail par la médecine du travail
Q698;majeur;Suivi des pathologies professionnelles;Il existe un suivi des pathologies professionnelles par la médecine du travail
Q699;critique;Exposition des femmes enceintes aux CMR;La médecine du travail applique les mesures prévues par le droit du travail relatif à l'exposition des femmes enceintes ou allaitantes aux substances dangereuses
Q700;critique;Absence de kit : déversement cytotoxique non maîtrisé;Un kit de décontamination chimique est disponible sur place
Q701;majeur;Kit de décontamination biologique absent;Un kit de décontamination biologique est disponible sur place
Q702;majeur;Trousse d'urgence absente;Une trousse d’urgence établie après avis du médecin du travail est disponible sur place
Q703;mineur;Péremption et affichage de la trousse;La trousse d’urgence a une date de péremption vérifiée et une localisation affichée connue de tous
Q704;majeur;Kits de décontamination périmés ou introuvables;Les 2 dispositifs d'urgence (kit chimique, kit biologique) ont une date de péremption vérifiée et une localisation affichée connue de tous
Q705;critique;Absence de rince-œil : exposition oculaire non traitée;Une douche oculaire ou un dispositif de rince-oeil est disponible sur place
Q706;majeur;Fonctionnement du rince-œil non vérifié;Le fonctionnement de la douche oculaire/rince-œil est testé périodiquement (et non simplement installé), avec date du dernier test
Q707;majeur;Éviction du personnel malade non organisée;La déclaration des affections nécessitant une éviction du personnel de la zone de préparation est organisée par l'établissement est connue et appliquée par le PRP
Q708;majeur;Interventions extérieures non maîtrisées en zone;Les interventions du personnel extérieur au service, et notamment celles des services d’entretien et de maintenance, sont programmées et enregistrées.
Q709;majeur;Préconisations promoteur MTI non transmises;Pour la reconstitution des MTI de thérapie génique, dans le cadre des essais cliniques, le pharmacien désigné est informé par le promoteur des préconisations applicables
Q710;critique;Dispositifs inadaptés : exposition et contamination croisée;Selon les produits et la nature des opérations, les matériels et dispositions mis en œuvre sont adaptés aux risques encourus (contamination croisée, biocontamination, exposition du personnel)
Q711;critique;Transferts compromettant le confinement;Les mouvements d'entrée et de sortie des MPUP, articles de conditionnement, produits, matériel et personnel se font sans remettre en cause l'efficacité du dispositif de protection
Q712;critique;Libération pharmaceutique de chaque lot absente;La stratégie libératoire des préparations à risque est identique à celle du chapitre 6 : chaque lot fait l'objet d'une libération pharmaceutique sur la base des informations du dossier de lot
Q713;majeur;Élimination réglementaire des déchets toxiques;La circulaire DHOS/E4/DGS/SD.7B/DPPR no 2006-58 du 13 février 2006 est appliquée pour l’élimination des déchets toxiques
Q714;majeur;Identification des déchets CMR;Les déchets CMR sont identifiés selon la circulaire circulaire DHOS/E4/DGS/SD.7B/DPPR no 2006-58 du 13 février 2006 (DASRI dilués/DTQD concentrés)
Q715;critique;Décontamination OGM absente : exposition et dissémination;Pour la reconstitution des MTI et la mise sous forme appropriée des MTI-PP composés en tout ou partie d’OGM, les mesures de décontamination préconisées par le fabricant sont mises en place.
Q716;majeur;Faisabilité technique non évaluée;Une évaluation de la faisabilité technique de la préparation est réalisée au préalable, sur la base des informations actualisées transmises par le promoteur (avec possibilité de refus par le pharmacien) (cf. points 1.13 et 1.16 des chapitres généraux des présentes bonnes pratiques)
Q717;majeur;Conformité aux BPP et au dossier RIPH;Le pharmacien s'assure que le promoteur veille à la réalisation des préparations conformément aux BPP et au dossier de préparation pharmaceutique de la RIPH
Q718;majeur;Formation spécifique essais cliniques;Le personnel collaborant est qualifié et reçoit une formation spécifique complémentaire relative à la LD3
Q719;majeur;Information du personnel sur chaque RIPH;Le personnel collaborant est informé des dispositions particulières de chaque RIPH (éléments du protocole, mise en insu…)
Q720;majeur;Stockage dédié des produits RIPH;Les produits et préparations liés à la RIPH sont stockés dans une zone identifiée et dédiée
Q721;critique;Risque de confusion entre produits/dosages d'essai;Un emplacement spécifique par RIPH, par dosage et par conditionnement permettant d'éviter tout risque de confusion existe
Q722;majeur;Maintenance du matériel promoteur;Lorsque le matériel est mis à disposition par le promoteur, sa mise en service et sa maintenance sont assurées par ce dernier
Q723;majeur;Contenu du dossier de préparation;Le dossier de préparation pharmaceutique comprend ou fait référence aux documents requis (points 4.30 à 4.35 des chapitres généraux)
Q724.01;majeur;Procédure de mise en insu;Le dossier de préparation pharmaceutique comprend ou fait référence aux éléments spécifiques suivants … les procédures de mise en insu au moment du conditionnement le cas échéant
Q724.02;mineur;Référence documentaire réglementaire;Le dossier de préparation pharmaceutique comprend ou fait référence aux éléments spécifiques suivants … les autorisations et les amendements de la recherche concernée
Q724.03;mineur;Gestion des versions du protocole;Le dossier de préparation pharmaceutique comprend ou fait référence aux éléments spécifiques suivants … les versions successives du protocole de la RIPH concernée
Q724.04;majeur;Codes de randomisation non référencés;Le dossier de préparation pharmaceutique comprend ou fait référence aux éléments spécifiques suivants … les codes de randomisation, le cas échéant.
Q725;majeur;Spécifications des préparations terminées;Les spécifications des préparations terminées comportent les éléments requis au point 4.40 des chapitres généraux des BPP
Q726;mineur;Durée de conservation des documents;Les documents relatifs à chaque lot de préparations sont conservés 5 ans après la fin de la recherche (y compris en cas d'arrêt anticipé)
Q727;majeur;Impact des changements sur la qualité;Le pharmacien s'assure, en cas de changement pouvant impacter la préparation, que le promoteur lui a fourni les données prouvant l'absence d'altération significative de la qualité
Q728;majeur;Date limite d'utilisation après reconditionnement;Une date limite d'utilisation adéquate est définie et justifiée lorsque le produit a été reconditionné dans un conditionnement différent
Q729;majeur;Identification des préparations en insu;Des systèmes garantissent une manipulation adaptée des préparations mises en insu, avec possibilité d'identification de la préparation et de son lot initial si nécessaire
Q730;majeur;Similitude d'aspect des préparations en insu;La libération des préparations mises en insu s'accompagne d'une vérification de la similitude d'aspect et des autres caractéristiques requises
Q731;critique;Levée d'insu impossible en urgence : risque patient;Un système d'identification rapide de la préparation en cas d'urgence nécessitant une levée de l'insu est prévu avec le promoteur
Q732;majeur;Procédures de randomisation et levée d'insu;Des procédures décrivent l'obtention, la sécurisation, la diffusion, l'utilisation et la conservation du code de randomisation et du système de levée d'insu, avec conservation des enregistrements correspondants
Q733.01;mineur;Détail de planification du conditionnement;Les préparations sont conditionnées individuellement pour chaque personne se prêtant à la RIPH, selon les modalités suivantes … • le nombre d'unités à conditionner est spécifié avant le début des opérations de conditionnement
Q733.02;mineur;Détail de planification du conditionnement;Les préparations sont conditionnées individuellement pour chaque personne se prêtant à la RIPH, selon les modalités suivantes … • le nombre tient compte des unités nécessaires aux contrôles qualité et, si applicable, des échantillons à conserver
Q733.03;majeur;Bilan comparatif des unités conditionnées;Les préparations sont conditionnées individuellement pour chaque personne se prêtant à la RIPH, selon les modalités suivantes … • un bilan comparatif est établi pour vérifier que les bonnes quantités d'unités ont été utilisées à chaque étape
Q734;critique;Étiquetage RIPH non conforme : erreur d'identification;L'étiquetage des préparations rendues nécessaires par les RIPH répondaux textes en vigueur
Q735;majeur;Responsabilité jusqu'à libération;Les préparations restent sous la responsabilité du promoteur jusqu'à la libération du lot par le pharmacien (feu vert technique)
Q736;majeur;Feu vert réglementaire non vérifié;Le pharmacien dispose d'une information écrite (y compris électronique) du promoteur attestant que la RIPH est dûment autorisée avant délivrance (feu vert réglementaire)
Q737.01;majeur;Traçabilité de la libération dans le dossier de lot;Les étapes de libération sont tracées et la documentation correspondante conservée … • les étapes de libération (feu vert technique et feu vert réglementaire) sont consignées dans le dossier de lot de la préparation
Q737.02;mineur;Archivage par le promoteur;Les étapes de libération sont tracées et la documentation correspondante conservée … • la documentation correspondante est conservée dans les dossiers de la recherche par le promoteur
Q738;majeur;Documentation des opérations de conditionnement;En cas d'opérations limitées au conditionnement/étiquetage, sous surveillance du pharmacien pharmacien responsable, le promoteur veille à ce que les opérations soient convenablement documentées et réalisées conformément aux bonnes pratiques en vigueur.
Q739;mineur;Conservation des échantillons;Des échantillons de chaque lot conditionné et de chaque période de recherche (y compris produits mis en insu) sont conservés au moins deux ans après la fin notifiée de la RIPH
Q740;majeur;Procédures réclamations/rappels promoteur;Les opérations de réclamations, rappels, retours et destruction des préparations sont effectuées selon des procédures écrites définies par le promoteur
Q741;critique;Absence de procédure de rappel des préparations;Des procédures écrites de rappel des préparations, définies conjointement par le promoteur et le pharmacien responsable des préparations, précisant les modalités de déclenchement, d'exécution et de consignation (traçabilité) de ces opérations de rappel existent
Q742;majeur;Connaissance des obligations de rappel;L'investigateur ainsi que toute personne dûment mandatée par le promoteur sont informés et ont-il connaissance de leurs obligations respectives dans le cadre de cette procédure de rappel
Q743;majeur;Retour/destruction des produits non utilisés;Les médicaments expérimentaux non utilisés sont retournés et/ou détruits dans des conditions définies et spécifiées par le promoteur
Q744.01;majeur;Réconciliation avant destruction;La destruction des médicaments expérimentaux non utilisés respecte les modalités suivantes : … • elle est réalisée par lieu de recherche ou par période de recherche, après réconciliation entre produits expédiés, utilisés et retournés
Q744.02;majeur;Écarts de quantités non investigués;La destruction des médicaments expérimentaux non utilisés respecte les modalités suivantes : … • les écarts constatés entre les quantités sont étudiés et motivés de façon satisfaisante
Q744.03;mineur;Bilan comparatif avant destruction;La destruction des médicaments expérimentaux non utilisés respecte les modalités suivantes : … • un bilan comparatif est établi et accepté par le promoteur avant destruction
Q744.04;mineur;Enregistrement des destructions;La destruction des médicaments expérimentaux non utilisés respecte les modalités suivantes : … • les opérations de destruction sont enregistrées pour être comptabilisées
Q744.05;mineur;Archivage par le promoteur;La destruction des médicaments expérimentaux non utilisés respecte les modalités suivantes : … • les dossiers correspondants sont conservés par le promoteur
Q745;mineur;Certificat de destruction, exigence documentaire;Un certificat ou attestation de destruction daté est remis au promoteur, comportant les éléments suivants :
Q745.01;mineur;Contenu du certificat de destruction;• la traçabilité des lots et/ou des numéros de traitement et/ou des numéros de personnes incluses dans la RIPH
